zip,active,disengaged,inquiry,milestone,total
19001,0,0,0,1,1
19012,0,1,0,0,1
19018,1,1,0,0,2
19020,0,1,0,0,1
19023,1,1,0,0,2
19026,1,0,0,0,1
19027,3,0,0,0,3
19050,3,0,0,0,3
19053,0,0,0,1,1
19079,1,1,0,0,2
19090,0,0,0,2,2
19103,0,1,0,0,1
19104,6,0,0,3,9
19105,1,0,0,1,2
19106,0,1,0,1,2
19107,6,3,0,0,9
19111,4,3,0,2,9
19114,0,0,0,1,1
19115,1,1,0,0,2
19119,4,0,0,0,4
19120,7,3,0,4,14
19121,38,29,1,14,82
19122,29,20,0,20,69
19123,8,5,0,4,17
19124,4,7,0,0,11
19125,0,2,0,0,2
19126,2,3,0,1,6
19128,1,0,0,0,1
19129,1,1,0,0,2
19130,6,5,0,3,14
19131,3,4,0,2,9
19132,23,23,0,6,52
19133,10,9,0,2,21
19134,11,4,0,1,16
19135,2,0,0,0,2
19136,2,0,0,0,2
19138,4,6,0,2,12
19139,6,5,0,0,11
19140,13,19,0,4,36
19141,8,2,0,2,12
19142,4,4,0,1,9
19143,5,3,0,1,9
19144,6,8,0,2,16
19145,2,4,0,2,8
19146,2,1,0,1,4
19147,0,2,0,0,2
19148,2,0,0,1,3
19149,4,0,0,0,4
19150,1,1,0,0,2
19151,4,7,0,2,13
19152,2,3,0,0,5
19153,1,0,0,0,1
19401,1,0,0,0,1
19403,1,0,0,0,1
