lat,lon,cell,total,active,disengaged,milestone,inquiry
40.13375,-75.35875,0.0025,1,1,0,0,0
40.12625,-75.32125,0.0025,1,1,0,0,0
39.92875,-75.29875,0.0025,1,1,0,0,0
39.95875,-75.29375,0.0025,1,1,0,0,0
39.94375,-75.28375,0.0025,1,1,0,0,0
39.91625,-75.27125,0.0025,1,0,1,0,0
39.97625,-75.27125,0.0025,1,0,1,0,0
39.97875,-75.26875,0.0025,1,0,1,0,0
39.90125,-75.26625,0.0025,1,0,1,0,0
39.97625,-75.26625,0.0025,1,0,1,0,0
39.97125,-75.26375,0.0025,2,1,1,0,0
39.97375,-75.26375,0.0025,1,1,0,0,0
39.97625,-75.26375,0.0025,1,0,1,0,0
39.91875,-75.26125,0.0025,1,1,0,0,0
39.97625,-75.26125,0.0025,1,1,0,0,0
39.97375,-75.25125,0.0025,2,2,0,0,0
39.97625,-75.25125,0.0025,4,4,0,0,0
39.98375,-75.25125,0.0025,1,1,0,0,0
39.94625,-75.24875,0.0025,1,1,0,0,0
39.92625,-75.24625,0.0025,2,2,0,0,0
39.95625,-75.24625,0.0025,1,0,1,0,0
39.96875,-75.24625,0.0025,1,0,0,1,0
39.97375,-75.24625,0.0025,3,2,0,1,0
39.97625,-75.24625,0.0025,1,0,1,0,0
39.95875,-75.24375,0.0025,3,2,1,0,0
39.96875,-75.24375,0.0025,2,0,2,0,0
39.97375,-75.24375,0.0025,1,0,1,0,0
39.98125,-75.24375,0.0025,1,0,1,0,0
39.98625,-75.24375,0.0025,1,1,0,0,0
39.92125,-75.24125,0.0025,2,0,2,0,0
39.96375,-75.24125,0.0025,1,0,0,1,0
39.98125,-75.24125,0.0025,1,0,0,1,0
39.91375,-75.23875,0.0025,1,1,0,0,0
39.96625,-75.23875,0.0025,1,0,0,1,0
39.97125,-75.23875,0.0025,1,0,1,0,0
39.97625,-75.23875,0.0025,1,0,1,0,0
39.92125,-75.23625,0.0025,1,0,1,0,0
39.95375,-75.23625,0.0025,1,1,0,0,0
39.97375,-75.23625,0.0025,1,0,1,0,0
40.06875,-75.23625,0.0025,1,1,0,0,0
39.91625,-75.23375,0.0025,2,1,0,1,0
39.92125,-75.23375,0.0025,1,0,0,1,0
39.94625,-75.23375,0.0025,1,0,1,0,0
39.94875,-75.23375,0.0025,1,1,0,0,0
39.96375,-75.23375,0.0025,1,1,0,0,0
39.97375,-75.23375,0.0025,1,1,0,0,0
39.97625,-75.23375,0.0025,1,1,0,0,0
39.98625,-75.23375,0.0025,2,0,1,1,0
39.91625,-75.23125,0.0025,1,1,0,0,0
39.92625,-75.23125,0.0025,2,0,2,0,0
39.93875,-75.23125,0.0025,1,1,0,0,0
39.96125,-75.23125,0.0025,1,0,1,0,0
39.96375,-75.23125,0.0025,1,1,0,0,0
39.97625,-75.23125,0.0025,2,1,0,1,0
39.93125,-75.22875,0.0025,1,0,0,1,0
39.93625,-75.22875,0.0025,1,0,1,0,0
39.94875,-75.22875,0.0025,3,2,0,1,0
39.98625,-75.22875,0.0025,1,0,1,0,0
39.98875,-75.22875,0.0025,1,1,0,0,0
39.93375,-75.22625,0.0025,3,2,0,1,0
39.93875,-75.22625,0.0025,1,1,0,0,0
39.95625,-75.22625,0.0025,1,1,0,0,0
39.96125,-75.22625,0.0025,1,1,0,0,0
39.96875,-75.22625,0.0025,1,0,1,0,0
40.04125,-75.22625,0.0025,1,1,0,0,0
39.92625,-75.22375,0.0025,1,0,0,1,0
39.94125,-75.22375,0.0025,1,1,0,0,0
39.95625,-75.22375,0.0025,2,1,1,0,0
39.96375,-75.22375,0.0025,1,1,0,0,0
39.98125,-75.22375,0.0025,1,0,0,1,0
39.93375,-75.22125,0.0025,1,1,0,0,0
39.93625,-75.22125,0.0025,1,0,1,0,0
39.94875,-75.22125,0.0025,1,1,0,0,0
39.95125,-75.22125,0.0025,1,0,1,0,0
39.95875,-75.22125,0.0025,1,0,1,0,0
39.97375,-75.22125,0.0025,1,0,1,0,0
39.99875,-75.21875,0.0025,1,0,0,1,0
39.93875,-75.21625,0.0025,1,0,0,1,0
39.94875,-75.21625,0.0025,1,1,0,0,0
39.96125,-75.21625,0.0025,1,1,0,0,0
39.96375,-75.21625,0.0025,1,0,1,0,0
39.95375,-75.21375,0.0025,1,1,0,0,0
39.95625,-75.21375,0.0025,2,2,0,0,0
39.96375,-75.21125,0.0025,1,0,1,0,0
39.96625,-75.21125,0.0025,1,1,0,0,0
40.00875,-75.21125,0.0025,1,0,1,0,0
39.96875,-75.20875,0.0025,1,1,0,0,0
39.97125,-75.20875,0.0025,1,1,0,0,0
39.96875,-75.20625,0.0025,1,1,0,0,0
39.97375,-75.20625,0.0025,1,1,0,0,0
39.96875,-75.20375,0.0025,1,1,0,0,0
39.97125,-75.20375,0.0025,1,0,0,1,0
39.96125,-75.20125,0.0025,1,0,0,1,0
39.96375,-75.20125,0.0025,1,0,0,1,0
39.95875,-75.19875,0.0025,1,0,0,1,0
39.96625,-75.19875,0.0025,1,1,0,0,0
39.97375,-75.19875,0.0025,1,1,0,0,0
39.93125,-75.19625,0.0025,1,0,0,1,0
39.93375,-75.19625,0.0025,3,2,0,1,0
40.05375,-75.19625,0.0025,1,1,0,0,0
39.93625,-75.19375,0.0025,1,1,0,0,0
39.93875,-75.19375,0.0025,1,1,0,0,0
39.96625,-75.19375,0.0025,1,1,0,0,0
39.93625,-75.19125,0.0025,3,3,0,0,0
39.96125,-75.19125,0.0025,1,1,0,0,0
40.06125,-75.19125,0.0025,1,1,0,0,0
39.93375,-75.18875,0.0025,2,1,1,0,0
39.93875,-75.18875,0.0025,1,0,0,1,0
40.06125,-75.18875,0.0025,1,1,0,0,0
39.97625,-75.18625,0.0025,1,1,0,0,0
39.98375,-75.18625,0.0025,2,2,0,0,0
39.98625,-75.18625,0.0025,1,0,0,1,0
39.99625,-75.18625,0.0025,1,1,0,0,0
40.00625,-75.18625,0.0025,2,0,0,2,0
39.91625,-75.18375,0.0025,1,0,1,0,0
39.92625,-75.18375,0.0025,1,1,0,0,0
39.93125,-75.18375,0.0025,2,0,2,0,0
39.93375,-75.18375,0.0025,1,1,0,0,0
39.94625,-75.18375,0.0025,1,1,0,0,0
39.97875,-75.18375,0.0025,2,1,1,0,0
39.98125,-75.18375,0.0025,2,1,0,1,0
39.98875,-75.18375,0.0025,5,4,0,1,0
39.99375,-75.18375,0.0025,5,3,1,1,0
39.99625,-75.18375,0.0025,1,0,1,0,0
40.05125,-75.18375,0.0025,1,0,1,0,0
40.05625,-75.18375,0.0025,2,2,0,0,0
39.92875,-75.18125,0.0025,1,0,1,0,0
39.97625,-75.18125,0.0025,1,1,0,0,0
39.98125,-75.18125,0.0025,2,1,1,0,0
39.98375,-75.18125,0.0025,1,0,1,0,0
39.98625,-75.18125,0.0025,1,0,0,1,0
39.99375,-75.18125,0.0025,1,1,0,0,0
40.00375,-75.18125,0.0025,1,1,0,0,0
40.00875,-75.18125,0.0025,4,1,3,0,0
40.03125,-75.18125,0.0025,1,1,0,0,0
40.05125,-75.18125,0.0025,1,1,0,0,0
40.07875,-75.18125,0.0025,1,1,0,0,0
39.92875,-75.17875,0.0025,1,1,0,0,0
39.93375,-75.17875,0.0025,1,0,0,1,0
39.97125,-75.17875,0.0025,1,0,1,0,0
39.97875,-75.17875,0.0025,2,2,0,0,0
39.98375,-75.17875,0.0025,3,2,1,0,0
39.98875,-75.17875,0.0025,1,1,0,0,0
39.99625,-75.17875,0.0025,1,1,0,0,0
40.03375,-75.17875,0.0025,2,0,2,0,0
40.04375,-75.17875,0.0025,1,0,1,0,0
39.93125,-75.17625,0.0025,1,1,0,0,0
39.93375,-75.17625,0.0025,1,1,0,0,0
39.93625,-75.17625,0.0025,1,0,1,0,0
39.94375,-75.17625,0.0025,1,0,0,1,0
39.98125,-75.17625,0.0025,2,1,1,0,0
39.98375,-75.17625,0.0025,3,2,1,0,0
39.99375,-75.17625,0.0025,4,1,2,1,0
39.99625,-75.17625,0.0025,1,0,1,0,0
39.99875,-75.17625,0.0025,1,1,0,0,0
40.00375,-75.17625,0.0025,2,1,1,0,0
40.02125,-75.17625,0.0025,2,1,1,0,0
40.04375,-75.17625,0.0025,1,0,0,1,0
40.04875,-75.17625,0.0025,1,0,0,1,0
39.94125,-75.17375,0.0025,1,1,0,0,0
39.97625,-75.17375,0.0025,1,1,0,0,0
39.97875,-75.17375,0.0025,3,1,0,2,0
39.98125,-75.17375,0.0025,1,1,0,0,0
39.98375,-75.17375,0.0025,2,0,1,1,0
39.98625,-75.17375,0.0025,2,1,1,0,0
39.99375,-75.17375,0.0025,2,2,0,0,0
39.99625,-75.17375,0.0025,1,0,1,0,0
39.99875,-75.17375,0.0025,5,1,4,0,0
40.00375,-75.17375,0.0025,1,1,0,0,0
40.00625,-75.17375,0.0025,1,0,1,0,0
40.03875,-75.17375,0.0025,1,0,1,0,0
40.04625,-75.17375,0.0025,1,0,0,1,0
40.05125,-75.17375,0.0025,1,1,0,0,0
40.05625,-75.17375,0.0025,1,1,0,0,0
40.06125,-75.17375,0.0025,1,0,1,0,0
39.92375,-75.17125,0.0025,1,1,0,0,0
39.93375,-75.17125,0.0025,1,0,1,0,0
39.93625,-75.17125,0.0025,1,0,1,0,0
39.95125,-75.17125,0.0025,1,0,1,0,0
39.97125,-75.17125,0.0025,1,0,1,0,0
39.97875,-75.17125,0.0025,1,0,1,0,0
39.98125,-75.17125,0.0025,2,2,0,0,0
39.98375,-75.17125,0.0025,4,1,3,0,0
39.98625,-75.17125,0.0025,5,2,2,1,0
39.98875,-75.17125,0.0025,1,1,0,0,0
39.99375,-75.17125,0.0025,1,1,0,0,0
39.99625,-75.17125,0.0025,4,2,2,0,0
40.01625,-75.17125,0.0025,1,1,0,0,0
40.03125,-75.17125,0.0025,1,0,0,1,0
39.92875,-75.16875,0.0025,1,0,0,1,0
39.93125,-75.16875,0.0025,1,1,0,0,0
39.93625,-75.16875,0.0025,1,0,1,0,0
39.96625,-75.16875,0.0025,2,0,0,2,0
39.96875,-75.16875,0.0025,1,0,0,1,0
39.97125,-75.16875,0.0025,1,0,1,0,0
39.97625,-75.16875,0.0025,1,1,0,0,0
39.97875,-75.16875,0.0025,1,0,1,0,0
39.98375,-75.16875,0.0025,6,4,1,1,0
39.98625,-75.16875,0.0025,1,1,0,0,0
39.99625,-75.16875,0.0025,4,1,3,0,0
39.99875,-75.16875,0.0025,4,1,3,0,0
40.00125,-75.16875,0.0025,5,1,4,0,0
40.02625,-75.16875,0.0025,1,1,0,0,0
40.03125,-75.16875,0.0025,1,1,0,0,0
40.03625,-75.16875,0.0025,1,1,0,0,0
40.03875,-75.16875,0.0025,1,1,0,0,0
40.07375,-75.16875,0.0025,1,1,0,0,0
39.95625,-75.16625,0.0025,1,0,1,0,0
39.96875,-75.16625,0.0025,1,0,1,0,0
39.97125,-75.16625,0.0025,3,3,0,0,0
39.97375,-75.16625,0.0025,2,0,2,0,0
39.97625,-75.16625,0.0025,1,0,1,0,0
39.97875,-75.16625,0.0025,2,0,0,2,0
39.98125,-75.16625,0.0025,1,0,1,0,0
39.98375,-75.16625,0.0025,3,1,1,1,0
39.98625,-75.16625,0.0025,3,0,1,1,1
39.98875,-75.16625,0.0025,1,0,1,0,0
39.99875,-75.16625,0.0025,1,1,0,0,0
40.00125,-75.16625,0.0025,2,1,0,1,0
40.00375,-75.16625,0.0025,2,2,0,0,0
40.02125,-75.16625,0.0025,1,0,1,0,0
40.02625,-75.16625,0.0025,1,0,1,0,0
40.02875,-75.16625,0.0025,1,0,1,0,0
39.92375,-75.16375,0.0025,2,0,0,2,0
39.94625,-75.16375,0.0025,1,0,0,1,0
39.94875,-75.16375,0.0025,1,1,0,0,0
39.95375,-75.16375,0.0025,2,2,0,0,0
39.96875,-75.16375,0.0025,2,0,1,1,0
39.97125,-75.16375,0.0025,1,0,1,0,0
39.97375,-75.16375,0.0025,1,0,0,0,1
39.97625,-75.16375,0.0025,1,0,1,0,0
39.97875,-75.16375,0.0025,2,1,1,0,0
39.98125,-75.16375,0.0025,3,3,0,0,0
39.98375,-75.16375,0.0025,2,2,0,0,0
39.98625,-75.16375,0.0025,4,3,1,0,0
39.98875,-75.16375,0.0025,2,0,2,0,0
39.99125,-75.16375,0.0025,1,0,0,1,0
39.99625,-75.16375,0.0025,3,1,2,0,0
39.99875,-75.16375,0.0025,1,1,0,0,0
40.02375,-75.16375,0.0025,1,0,1,0,0
40.02875,-75.16375,0.0025,2,1,1,0,0
40.03125,-75.16375,0.0025,1,1,0,0,0
40.03875,-75.16375,0.0025,1,0,0,1,0
40.04125,-75.16375,0.0025,1,1,0,0,0
40.04625,-75.16375,0.0025,2,1,1,0,0
40.05625,-75.16375,0.0025,1,0,0,1,0
40.06625,-75.16375,0.0025,1,0,1,0,0
40.07375,-75.16375,0.0025,2,1,1,0,0
39.92375,-75.16125,0.0025,1,0,0,1,0
39.93125,-75.16125,0.0025,1,0,1,0,0
39.93375,-75.16125,0.0025,1,1,0,0,0
39.94125,-75.16125,0.0025,2,1,1,0,0
39.94625,-75.16125,0.0025,1,1,0,0,0
39.95125,-75.16125,0.0025,1,1,0,0,0
39.95875,-75.16125,0.0025,8,5,2,1,0
39.96875,-75.16125,0.0025,1,1,0,0,0
39.97125,-75.16125,0.0025,2,2,0,0,0
39.97375,-75.16125,0.0025,6,2,3,1,0
39.97625,-75.16125,0.0025,3,3,0,0,0
39.97875,-75.16125,0.0025,6,3,1,2,0
39.98125,-75.16125,0.0025,4,2,1,1,0
39.98375,-75.16125,0.0025,3,3,0,0,0
39.98625,-75.16125,0.0025,1,0,1,0,0
39.98875,-75.16125,0.0025,3,1,1,1,0
39.99125,-75.16125,0.0025,3,2,1,0,0
39.99875,-75.16125,0.0025,1,1,0,0,0
40.00625,-75.16125,0.0025,1,1,0,0,0
40.04875,-75.16125,0.0025,1,1,0,0,0
40.05875,-75.16125,0.0025,1,0,1,0,0
40.06125,-75.16125,0.0025,2,1,1,0,0
40.06625,-75.16125,0.0025,1,0,0,1,0
39.91625,-75.15875,0.0025,1,0,1,0,0
39.91875,-75.15875,0.0025,1,1,0,0,0
39.92125,-75.15875,0.0025,1,1,0,0,0
39.96625,-75.15875,0.0025,1,0,1,0,0
39.96875,-75.15875,0.0025,1,1,0,0,0
39.97125,-75.15875,0.0025,1,0,0,1,0
39.97375,-75.15875,0.0025,2,1,1,0,0
39.97625,-75.15875,0.0025,2,1,1,0,0
39.97875,-75.15875,0.0025,1,1,0,0,0
39.98375,-75.15875,0.0025,2,2,0,0,0
39.98625,-75.15875,0.0025,3,2,1,0,0
39.98875,-75.15875,0.0025,1,1,0,0,0
39.99125,-75.15875,0.0025,4,2,1,1,0
39.99375,-75.15875,0.0025,3,0,2,1,0
39.99625,-75.15875,0.0025,1,0,1,0,0
40.00125,-75.15875,0.0025,1,1,0,0,0
40.00625,-75.15875,0.0025,2,0,2,0,0
40.01125,-75.15875,0.0025,1,0,1,0,0
40.01875,-75.15875,0.0025,1,0,1,0,0
40.04375,-75.15875,0.0025,1,0,1,0,0
40.06375,-75.15875,0.0025,1,0,1,0,0
39.92125,-75.15625,0.0025,1,0,0,1,0
39.92375,-75.15625,0.0025,1,0,1,0,0
39.96125,-75.15625,0.0025,1,0,0,1,0
39.96375,-75.15625,0.0025,2,1,0,1,0
39.96625,-75.15625,0.0025,3,1,1,1,0
39.96875,-75.15625,0.0025,1,0,1,0,0
39.97375,-75.15625,0.0025,2,1,0,1,0
39.97625,-75.15625,0.0025,6,2,2,2,0
39.97875,-75.15625,0.0025,1,0,1,0,0
39.98875,-75.15625,0.0025,1,0,1,0,0
39.99375,-75.15625,0.0025,2,1,1,0,0
39.99875,-75.15625,0.0025,3,1,1,0,1
40.00375,-75.15625,0.0025,1,0,0,1,0
40.00625,-75.15625,0.0025,1,1,0,0,0
40.00875,-75.15625,0.0025,1,0,1,0,0
40.01125,-75.15625,0.0025,2,2,0,0,0
40.02125,-75.15625,0.0025,1,0,1,0,0
40.02875,-75.15625,0.0025,1,1,0,0,0
40.04875,-75.15625,0.0025,2,1,1,0,0
40.06625,-75.15625,0.0025,1,1,0,0,0
40.06875,-75.15625,0.0025,1,1,0,0,0
39.92875,-75.15375,0.0025,1,0,0,1,0
39.96125,-75.15375,0.0025,2,2,0,0,0
39.96625,-75.15375,0.0025,1,0,1,0,0
39.96875,-75.15375,0.0025,4,3,1,0,0
39.97125,-75.15375,0.0025,2,1,1,0,0
39.97625,-75.15375,0.0025,3,2,1,0,0
39.97875,-75.15375,0.0025,3,2,1,0,0
39.98375,-75.15375,0.0025,2,0,0,2,0
39.98625,-75.15375,0.0025,2,1,1,0,0
39.98875,-75.15375,0.0025,1,1,0,0,0
39.99125,-75.15375,0.0025,1,1,0,0,0
39.99375,-75.15375,0.0025,2,1,1,0,0
39.99875,-75.15375,0.0025,1,1,0,0,0
40.00125,-75.15375,0.0025,1,1,0,0,0
40.00875,-75.15375,0.0025,2,0,2,0,0
40.01875,-75.15375,0.0025,1,0,1,0,0
40.02375,-75.15375,0.0025,2,1,1,0,0
40.04125,-75.15375,0.0025,2,1,1,0,0
40.04375,-75.15375,0.0025,1,1,0,0,0
40.05375,-75.15375,0.0025,1,0,0,1,0
40.07125,-75.15375,0.0025,1,0,0,1,0
39.95875,-75.15125,0.0025,2,1,1,0,0
39.96125,-75.15125,0.0025,1,0,1,0,0
39.96625,-75.15125,0.0025,1,1,0,0,0
39.96875,-75.15125,0.0025,1,0,0,1,0
39.97375,-75.15125,0.0025,3,1,2,0,0
39.97625,-75.15125,0.0025,1,0,0,1,0
39.97875,-75.15125,0.0025,1,0,1,0,0
39.98125,-75.15125,0.0025,15,9,3,3,0
39.98375,-75.15125,0.0025,8,2,3,3,0
39.98625,-75.15125,0.0025,1,0,0,1,0
39.99125,-75.15125,0.0025,2,1,0,1,0
39.99625,-75.15125,0.0025,6,1,4,1,0
39.99875,-75.15125,0.0025,2,0,1,1,0
40.00625,-75.15125,0.0025,1,0,1,0,0
40.00875,-75.15125,0.0025,4,0,3,1,0
40.01125,-75.15125,0.0025,3,1,2,0,0
40.02125,-75.15125,0.0025,1,1,0,0,0
40.02625,-75.15125,0.0025,1,1,0,0,0
40.02875,-75.15125,0.0025,1,0,1,0,0
40.04375,-75.15125,0.0025,1,1,0,0,0
40.04625,-75.15125,0.0025,1,1,0,0,0
40.05375,-75.15125,0.0025,1,0,1,0,0
40.05625,-75.15125,0.0025,1,0,0,1,0
40.06875,-75.15125,0.0025,1,1,0,0,0
39.94375,-75.14875,0.0025,1,0,1,0,0
39.94625,-75.14875,0.0025,1,0,1,0,0
39.96375,-75.14875,0.0025,1,0,0,1,0
39.97125,-75.14875,0.0025,1,1,0,0,0
39.97375,-75.14875,0.0025,1,0,1,0,0
39.97625,-75.14875,0.0025,2,0,1,1,0
39.98125,-75.14875,0.0025,10,4,4,2,0
39.98375,-75.14875,0.0025,1,0,1,0,0
39.98875,-75.14875,0.0025,1,0,1,0,0
39.99375,-75.14875,0.0025,5,2,3,0,0
39.99875,-75.14875,0.0025,1,0,1,0,0
40.00125,-75.14875,0.0025,1,0,1,0,0
40.00625,-75.14875,0.0025,1,0,1,0,0
40.01375,-75.14875,0.0025,2,1,1,0,0
40.02125,-75.14875,0.0025,1,0,0,1,0
40.02875,-75.14875,0.0025,1,0,1,0,0
40.04375,-75.14875,0.0025,1,0,0,1,0
40.04875,-75.14875,0.0025,1,1,0,0,0
40.05875,-75.14875,0.0025,1,0,1,0,0
40.06625,-75.14875,0.0025,2,0,1,1,0
39.92125,-75.14625,0.0025,1,1,0,0,0
39.97625,-75.14625,0.0025,1,0,1,0,0
39.98125,-75.14625,0.0025,4,1,2,1,0
39.98375,-75.14625,0.0025,1,0,0,1,0
40.00625,-75.14625,0.0025,3,1,1,1,0
40.00875,-75.14625,0.0025,1,1,0,0,0
40.01625,-75.14625,0.0025,1,1,0,0,0
40.02375,-75.14625,0.0025,1,1,0,0,0
40.02875,-75.14625,0.0025,1,1,0,0,0
40.03125,-75.14625,0.0025,1,0,1,0,0
40.04125,-75.14625,0.0025,1,1,0,0,0
39.95375,-75.14375,0.0025,1,0,0,1,0
39.98375,-75.14375,0.0025,1,1,0,0,0
39.98625,-75.14375,0.0025,1,0,0,1,0
39.98875,-75.14375,0.0025,1,1,0,0,0
39.99375,-75.14375,0.0025,1,1,0,0,0
39.99625,-75.14375,0.0025,1,1,0,0,0
40.00625,-75.14375,0.0025,1,1,0,0,0
40.00875,-75.14375,0.0025,2,1,1,0,0
40.02375,-75.14375,0.0025,1,1,0,0,0
40.03375,-75.14375,0.0025,1,1,0,0,0
40.04625,-75.14375,0.0025,1,1,0,0,0
40.04875,-75.14375,0.0025,1,1,0,0,0
40.05125,-75.14375,0.0025,1,0,1,0,0
40.05625,-75.14375,0.0025,1,0,1,0,0
39.96875,-75.14125,0.0025,2,2,0,0,0
39.97125,-75.14125,0.0025,1,1,0,0,0
39.97625,-75.14125,0.0025,1,0,0,1,0
39.97875,-75.14125,0.0025,1,0,1,0,0
39.98625,-75.14125,0.0025,2,1,0,1,0
39.98875,-75.14125,0.0025,2,2,0,0,0
39.99125,-75.14125,0.0025,1,1,0,0,0
40.00625,-75.14125,0.0025,2,2,0,0,0
40.00875,-75.14125,0.0025,1,0,0,1,0
40.01125,-75.14125,0.0025,4,3,0,1,0
40.03125,-75.14125,0.0025,1,1,0,0,0
40.03625,-75.14125,0.0025,1,0,1,0,0
40.04375,-75.14125,0.0025,1,0,0,1,0
40.05125,-75.14125,0.0025,1,0,1,0,0
40.06375,-75.14125,0.0025,1,1,0,0,0
39.96125,-75.13875,0.0025,1,0,0,1,0
39.97375,-75.13875,0.0025,1,1,0,0,0
39.97875,-75.13875,0.0025,1,1,0,0,0
39.98125,-75.13875,0.0025,1,1,0,0,0
39.98625,-75.13875,0.0025,2,1,0,1,0
40.00625,-75.13875,0.0025,1,0,0,1,0
40.02625,-75.13875,0.0025,2,1,1,0,0
40.02875,-75.13875,0.0025,1,0,0,1,0
40.05875,-75.13875,0.0025,1,0,1,0,0
39.97875,-75.13625,0.0025,1,1,0,0,0
39.98625,-75.13625,0.0025,1,1,0,0,0
39.98875,-75.13625,0.0025,1,0,1,0,0
40.00625,-75.13625,0.0025,1,0,1,0,0
40.01375,-75.13625,0.0025,1,0,1,0,0
40.02625,-75.13625,0.0025,1,1,0,0,0
40.04875,-75.13625,0.0025,1,1,0,0,0
40.05875,-75.13625,0.0025,1,1,0,0,0
39.96625,-75.13375,0.0025,1,0,1,0,0
39.97375,-75.13375,0.0025,1,1,0,0,0
39.98625,-75.13375,0.0025,1,1,0,0,0
39.99625,-75.13375,0.0025,1,1,0,0,0
39.99875,-75.13375,0.0025,1,0,1,0,0
40.01375,-75.13375,0.0025,1,0,1,0,0
40.03875,-75.13375,0.0025,1,1,0,0,0
39.99125,-75.13125,0.0025,1,1,0,0,0
39.99625,-75.13125,0.0025,2,1,1,0,0
39.99875,-75.13125,0.0025,1,1,0,0,0
40.01875,-75.13125,0.0025,1,1,0,0,0
40.02125,-75.13125,0.0025,1,0,1,0,0
39.98875,-75.12875,0.0025,1,1,0,0,0
39.99625,-75.12875,0.0025,1,1,0,0,0
39.99875,-75.12875,0.0025,1,0,1,0,0
40.02625,-75.12875,0.0025,2,1,1,0,0
40.03375,-75.12875,0.0025,2,2,0,0,0
40.04375,-75.12875,0.0025,2,1,0,1,0
39.98125,-75.12625,0.0025,1,0,1,0,0
39.99875,-75.12625,0.0025,1,0,1,0,0
40.00125,-75.12625,0.0025,1,1,0,0,0
40.02625,-75.12625,0.0025,2,0,1,1,0
40.04375,-75.12625,0.0025,1,0,1,0,0
40.14625,-75.12625,0.0025,2,0,0,2,0
39.98875,-75.12375,0.0025,1,1,0,0,0
39.99125,-75.12125,0.0025,2,1,1,0,0
39.99875,-75.12125,0.0025,1,1,0,0,0
40.03875,-75.12125,0.0025,1,1,0,0,0
39.99625,-75.11875,0.0025,1,1,0,0,0
40.00125,-75.11875,0.0025,1,0,1,0,0
40.00875,-75.11875,0.0025,2,0,2,0,0
40.02375,-75.11875,0.0025,1,1,0,0,0
40.04125,-75.11875,0.0025,1,1,0,0,0
40.04875,-75.11875,0.0025,1,0,1,0,0
39.98625,-75.11625,0.0025,1,1,0,0,0
39.99125,-75.11375,0.0025,1,0,1,0,0
39.99625,-75.11375,0.0025,1,1,0,0,0
40.05125,-75.11375,0.0025,1,0,1,0,0
39.98875,-75.11125,0.0025,1,0,1,0,0
40.02375,-75.11125,0.0025,1,1,0,0,0
40.03625,-75.11125,0.0025,1,1,0,0,0
39.98375,-75.10875,0.0025,1,0,1,0,0
40.00875,-75.10875,0.0025,1,0,1,0,0
40.02375,-75.10875,0.0025,1,0,1,0,0
40.02625,-75.10875,0.0025,1,1,0,0,0
39.98875,-75.10625,0.0025,1,1,0,0,0
39.99625,-75.10375,0.0025,1,1,0,0,0
39.99875,-75.10375,0.0025,1,1,0,0,0
40.07125,-75.10375,0.0025,1,1,0,0,0
39.98625,-75.10125,0.0025,2,2,0,0,0
40.04125,-75.10125,0.0025,2,1,0,1,0
40.05125,-75.10125,0.0025,1,0,0,1,0
40.04375,-75.09875,0.0025,1,0,1,0,0
40.04375,-75.09625,0.0025,1,0,1,0,0
40.05375,-75.09625,0.0025,1,0,0,1,0
40.02125,-75.09375,0.0025,1,1,0,0,0
40.03375,-75.09375,0.0025,1,1,0,0,0
40.02625,-75.09125,0.0025,1,1,0,0,0
40.03375,-75.09125,0.0025,1,0,1,0,0
40.04125,-75.09125,0.0025,1,1,0,0,0
40.03375,-75.08875,0.0025,1,0,1,0,0
40.01375,-75.08625,0.0025,1,0,1,0,0
40.04625,-75.08625,0.0025,1,0,1,0,0
40.04875,-75.08625,0.0025,1,0,0,1,0
40.06125,-75.08375,0.0025,2,2,0,0,0
40.01875,-75.08125,0.0025,2,0,2,0,0
40.02625,-75.08125,0.0025,2,0,2,0,0
40.02875,-75.07875,0.0025,2,1,1,0,0
40.07375,-75.07875,0.0025,1,1,0,0,0
40.02125,-75.07625,0.0025,1,0,1,0,0
40.04125,-75.07625,0.0025,1,0,1,0,0
40.04875,-75.07625,0.0025,1,1,0,0,0
40.03625,-75.07375,0.0025,1,1,0,0,0
40.01875,-75.06875,0.0025,1,1,0,0,0
40.02875,-75.06625,0.0025,1,0,0,1,0
40.03375,-75.06625,0.0025,1,1,0,0,0
40.01375,-75.06375,0.0025,1,0,1,0,0
40.06375,-75.06125,0.0025,1,1,0,0,0
40.02625,-75.05625,0.0025,1,1,0,0,0
40.02875,-75.05375,0.0025,1,1,0,0,0
40.07375,-75.05125,0.0025,1,0,1,0,0
40.02375,-75.04625,0.0025,1,0,1,0,0
40.07375,-75.04625,0.0025,1,1,0,0,0
40.07625,-75.04625,0.0025,1,0,1,0,0
40.05625,-75.04125,0.0025,1,0,1,0,0
40.07375,-75.03875,0.0025,1,0,1,0,0
40.03625,-75.03625,0.0025,1,1,0,0,0
40.03875,-75.03625,0.0025,2,2,0,0,0
40.06125,-75.03125,0.0025,2,0,1,1,0
40.03875,-75.02875,0.0025,1,1,0,0,0
40.05875,-75.02875,0.0025,1,1,0,0,0
40.03875,-75.02125,0.0025,1,1,0,0,0
40.06625,-75.01875,0.0025,1,0,0,1,0
40.13125,-75.01875,0.0025,1,0,1,0,0
40.06625,-75.01625,0.0025,1,0,0,1,0
40.06875,-75.01625,0.0025,1,0,1,0,0
40.14875,-74.99375,0.0025,1,0,0,1,0
40.06875,-74.98875,0.0025,1,0,1,0,0
40.09625,-74.97875,0.0025,1,1,0,0,0
