TRACT_GEOID,physical_buildings,residential_buildings,vpi_vacant_buildings,population_eligible_buildings,opa_units,modeled_occupied_units,modeled_owner_units,modeled_renter_units,modeled_household_population,modeled_gq_population,fallback_buildings,census_household_population,census_occupied_units,census_housing_units,census_gq_population,acs_avg_hh,opa_units_vs_census_housing,people_per_occupied_unit,population_difference,gq_unplaced,flag
42101000101,376,237.0,5,233,1523.0,1527.0,285.0,1242.0,1962.9999999999998,0.0,0,1963,1527,1624,0,1.29,0.937807881773399,1.2855271774721675,-2.2737367544323206e-13,0.0,
42101000102,433,328.0,2,327,2780.0,2165.0,835.0,1330.0,3130.0,42.0,0,3130,2165,2433,42,1.45,1.1426222770242498,1.4457274826789839,0.0,0.0,
42101000200,362,255.0,3,253,1893.0,1808.0,754.0,1054.0,2954.0,149.0,0,2954,1808,1992,149,1.63,0.9503012048192772,1.633849557522124,0.0,0.0,
42101000300,522,395.0,1,394,2785.0,3273.0,469.0,2804.0,4428.0,0.0,0,4428,3273,3391,299,1.35,0.8212916543792391,1.3528872593950505,0.0,299.0,GQ_NOT_PLACED
42101000401,94,41.0,0,41,1227.0,2129.0,739.0,1390.0,2884.0,0.0,0,2884,2129,2431,35,1.35,0.504730563554093,1.3546265852512918,0.0,35.0,FEW_OPA_UNITS
42101000403,35,10.0,0,10,783.0,691.0,443.0,248.0,1010.0,0.0,0,1010,691,789,0,1.46,0.9923954372623575,1.4616497829232995,0.0,0.0,
42101000404,91,41.0,0,41,2644.0,1962.0,885.0,1077.0,2588.0,0.0,0,2588,1962,2733,0,1.32,0.9674350530552507,1.3190621814475025,0.0,0.0,
42101000500,153,56.0,1,56,3171.0,1591.0,71.0,1520.0,2202.0000000000005,1193.0,0,2202,1591,1725,1193,1.38,1.8382608695652174,1.3840351979886867,4.547473508864641e-13,0.0,MANY_OPA_UNITS
42101000600,208,127.0,2,126,2177.0,1303.0,12.0,1291.0,1846.0,0.0,0,1846,1303,1636,77,1.42,1.330684596577017,1.4167306216423639,0.0,77.0,GQ_NOT_PLACED
42101000701,189,85.0,0,85,2797.0,1621.0,387.0,1234.0,2223.0,6.0,0,2223,1621,1867,6,1.37,1.4981253347616497,1.3713756940160395,0.0,0.0,MANY_OPA_UNITS
42101000702,210,147.0,0,147,1073.0,1561.0,290.0,1271.0,2055.0,0.0,0,2055,1561,1744,0,1.32,0.6152522935779816,1.3164638052530429,0.0,0.0,FEW_OPA_UNITS
42101000801,297,247.0,0,247,918.0,998.0,321.0,677.0,1604.0,0.0,0,1604,998,1179,0,1.61,0.7786259541984732,1.6072144288577155,0.0,0.0,
42101000803,392,367.0,2,365,2680.0,2507.0,1036.0,1471.0,3942.0,5.0,0,3942,2507,2825,5,1.57,0.9486725663716814,1.5723972875947347,0.0,0.0,
42101000805,118,70.0,1,70,1312.0,1838.0,384.0,1454.0,2217.0,45.99999999999999,0,2217,1838,2205,46,1.21,0.5950113378684807,1.20620239390642,0.0,7.105427357601002e-15,FEW_OPA_UNITS
42101000806,68,34.0,1,34,1744.0,1669.0,398.99999999999994,1270.0,2303.0,0.0,0,2303,1669,2073,0,1.38,0.8412928123492522,1.3798681845416416,0.0,0.0,
42101000901,223,165.0,0,165,2363.0,1571.0,211.0,1360.0,1952.0,48.0,0,1952,1571,1855,48,1.24,1.2738544474393532,1.2425206874602164,0.0,0.0,
42101000902,302,254.0,4,253,2216.0,1324.0,215.0,1109.0,1975.0,649.0,0,1975,1324,1533,649,1.49,1.4455316373124592,1.491691842900302,0.0,0.0,MANY_OPA_UNITS
42101001001,496,424.0,1,423,1872.0,1711.0,970.0,741.0,2726.0,0.0,0,2726,1711,1965,0,1.59,0.9526717557251908,1.5932203389830508,0.0,0.0,
42101001002,1039,851.0,5,847,2704.0,2429.0,1533.0,896.0,3658.0,101.0,0,3658,2429,2744,101,1.51,0.9854227405247813,1.5059695347879787,0.0,0.0,
42101001101,719,648.0,3,646,2366.0,2404.0,571.0000000000002,1832.9999999999998,3729.0,463.0,0,3729,2404,2422,463,1.55,0.976878612716763,1.5511647254575707,0.0,0.0,
42101001102,665,578.0,1,577,1517.0,1565.0,739.0,826.0,2788.0,23.0,0,2788,1565,1711,23,1.78,0.8866160140268848,1.7814696485623003,0.0,0.0,
42101001201,1371,1261.0,3,1258,1919.0,2026.0000000000002,937.0000000001089,1088.9999999998913,4043.0,20.0,0,4043,2026,2356,20,2.0,0.8145161290322581,1.9955577492596246,0.0,0.0,
42101001203,395,365.0,1,364,825.0,1069.0,333.9999999999998,735.0000000000002,1718.0,0.0,0,1718,1069,1169,7,1.61,0.7057313943541489,1.60710944808232,0.0,7.0,
42101001204,848,763.0,2,762,2155.0,2059.0,676.0,1383.0,3202.0,218.0,0,3202,2059,2511,218,1.56,0.8582238152130626,1.5551238465274404,0.0,0.0,
42101001301,785,757.0,1,756,1081.0,880.0,509.0,371.0,1997.0,0.0,0,1997,880,944,0,2.27,1.1451271186440677,2.269318181818182,0.0,0.0,
42101001302,1651,1519.0,9,1510,2884.0,2045.0,1125.0,920.0,4524.0,0.0,0,4524,2045,2326,0,2.21,1.2398968185726569,2.2122249388753055,0.0,0.0,
42101001400,1568,1475.0,10,1466,2347.0,2184.0,976.9999999999852,1207.0000000000148,4272.0,78.0,0,4272,2184,2517,78,1.96,0.9324592769169646,1.956043956043956,0.0,0.0,
42101001500,1053,926.0,48,920,1956.0,1493.0,799.0,694.0,3108.0,10.0,0,3108,1493,1612,10,2.08,1.2133995037220844,2.0817146684527796,0.0,0.0,
42101001600,906,783.0,5,781,1452.0,1303.0,687.0,616.0,2400.0,0.0,0,2400,1303,1560,0,1.84,0.9307692307692308,1.841903300076746,0.0,0.0,
42101001700,1003,914.0,1,913,1435.0,1423.0,933.9999999999975,489.00000000000256,3055.0,5.0,0,3055,1423,1603,5,2.15,0.8951965065502183,2.1468728039353477,0.0,0.0,
42101001800,1173,1096.0,6,1090,1691.0,1736.9999999999998,767.9999999999751,969.0000000000247,3314.0,0.0,0,3314,1737,1882,0,1.91,0.8985122210414452,1.9078871617731723,0.0,0.0,
42101001900,1412,1315.0,6,1310,2130.0,1814.0,895.9999999999998,918.0000000000002,3593.0,19.0,0,3593,1814,2031,19,1.98,1.048744460856721,1.9807056229327453,0.0,0.0,
42101002000,1233,1176.0,16,1160,1531.0,1319.0,656.0,663.0,2414.0,0.0,0,2414,1319,1417,0,1.83,1.0804516584333097,1.8301743745261563,0.0,0.0,
42101002100,1219,1164.0,14,1151,1336.0,1054.0,663.0,391.0,2575.0,0.0,0,2575,1054,1143,0,2.44,1.168853893263342,2.4430740037950662,0.0,0.0,
42101002200,979,925.0,11,914,1789.0,1194.0,601.0,593.0,2167.0,52.0,0,2167,1194,1460,52,1.81,1.2253424657534246,1.8149078726968175,0.0,0.0,
42101002300,1107,1035.0,4,1032,1392.0,1364.0,652.9999999999949,711.0000000000052,2956.0,2.0,0,2956,1364,1398,2,2.17,0.9957081545064378,2.167155425219941,0.0,0.0,
42101002400,2258,2026.0,13,2015,2857.0,2631.0000000000005,1287.0000000000002,1344.0000000000002,4700.0,10.0,0,4700,2631,2887,10,1.79,0.9896085902320748,1.7863930064614213,0.0,0.0,
42101002500,1605,1302.0,5,1297,1982.0,2048.0,1149.9999999999998,898.0000000000003,4308.999999999999,21.0,0,4309,2048,2101,21,2.1,0.9433603046168492,2.1040039062499996,-9.094947017729282e-13,0.0,
42101002701,1462,1423.0,9,1415,1773.0,2055.0,1265.0,790.0,3875.0,17.0,0,3875,2055,2088,17,1.89,0.8491379310344828,1.8856447688564477,0.0,0.0,
42101002702,1930,1804.0,10,1794,2268.0,2008.0,1333.0,675.0,4642.0,10.0,0,4642,2008,2218,10,2.31,1.0225428313796212,2.3117529880478087,0.0,0.0,
42101002801,1603,1541.0,10,1531,1963.0,1760.0000000000002,850.0000000000001,910.0000000000001,3962.0,0.0,0,3962,1760,1910,3,2.25,1.0277486910994764,2.2511363636363635,0.0,3.0,
42101002802,2293,2167.0,7,2161,2617.0,2392.0,1626.0,765.9999999999999,5731.0,47.0,0,5731,2392,2522,47,2.4,1.0376685170499604,2.395903010033445,0.0,0.0,
42101002900,1909,1776.0,9,1769,2323.0,2181.0,1335.9999999999995,845.0000000000003,4239.0,0.0,0,4239,2181,2310,0,1.94,1.0056277056277056,1.9436038514442917,0.0,0.0,
42101003001,1609,1588.0,14,1574,1893.0,1785.0,1061.0,724.0,3803.0,6.999999999999999,0,3803,1785,1917,7,2.13,0.9874804381846636,2.130532212885154,0.0,8.881784197001252e-16,
42101003002,1413,1386.0,17,1369,1731.0,1670.0,807.0,863.0,3354.0,0.0,0,3354,1670,1859,0,2.01,0.9311457772996234,2.008383233532934,0.0,0.0,
42101003100,2666,2575.0,38,2539,2970.0,2414.9999999999995,1532.9999999999998,881.9999999999999,4738.0,5.0,0,4738,2415,2807,5,1.96,1.058069112931956,1.9619047619047623,0.0,0.0,
42101003200,2424,2349.0,49,2306,2721.0,1678.0,1131.0,547.0,4219.0,107.0,0,4219,1678,2190,107,2.51,1.2424657534246575,2.5143027413587604,0.0,0.0,
42101003300,2899,2726.0,36,2691,3453.0,2573.0,932.0000000000001,1640.9999999999998,6244.0,0.0,0,6244,2573,3275,58,2.43,1.054351145038168,2.426739214924213,0.0,58.0,GQ_NOT_PLACED
42101003600,2013,1544.0,73,1528,2984.0,2639.0,1079.0000000274285,1559.9999999725717,6310.0,0.0,0,6310,2639,2823,0,2.39,1.057031526744598,2.3910572186434256,0.0,0.0,
42101003701,2616,2576.0,37,2540,2841.0,2410.0,1419.0,991.0,5728.000000000001,9.0,0,5728,2410,2746,9,2.38,1.0345957756737072,2.376763485477179,9.094947017729282e-13,0.0,
42101003702,1512,1410.0,13,1399,1527.0,1346.0,783.0000000000017,562.9999999999984,3452.0,0.0,0,3452,1346,1474,1,2.56,1.0359565807327,2.5646359583952454,0.0,1.0,
42101003800,1801,1601.0,9,1593,1740.0,1615.0,1413.0,202.0,3616.0,6.0,0,3616,1615,1729,6,2.24,1.006362058993638,2.2390092879256964,0.0,0.0,
42101003901,2484,2367.0,16,2353,3048.0,3111.0,1469.000000008959,1641.9999999910412,6419.0,44.0,0,6419,3111,3310,44,2.06,0.9208459214501511,2.0633236901317904,0.0,0.0,
42101003902,2401,2346.0,7,2339,2561.0,2266.0,1611.9999999999363,654.0000000000638,5107.0,0.0,0,5107,2266,2651,0,2.25,0.9660505469634101,2.2537511032656665,0.0,0.0,
42101004001,1927,1858.0,10,1849,2291.0,2163.0,1320.9999999999811,842.0000000000188,4096.0,7.000000000000001,0,4096,2163,2226,7,1.89,1.0292003593890386,1.893666204345816,0.0,-8.881784197001252e-16,
42101004002,2244,2173.0,6,2168,2414.0,2340.0000000000005,1640.0,700.0000000000002,5544.0,0.0,0,5544,2340,2490,0,2.37,0.9694779116465864,2.369230769230769,0.0,0.0,
42101004101,2377,2274.0,26,2249,2839.0,2171.0,1420.0,751.0,5509.0,0.0,0,5509,2171,2542,8,2.54,1.1168371361132967,2.53754030400737,0.0,8.0,
42101004103,1337,1296.0,3,1293,1449.0,1449.0,833.0,616.0,4750.0,0.0,0,4750,1449,1478,0,3.28,0.9803788903924222,3.2781228433402347,0.0,0.0,
42101004104,1519,1487.0,14,1473,1592.0,1407.0,748.0,659.0,3622.0,0.0,0,3622,1407,1444,0,2.57,1.1024930747922437,2.574271499644634,0.0,0.0,
42101004201,2277,2175.0,23,2155,2408.0,2080.0,1568.0,512.0,4405.000000000001,0.0,0,4405,2080,2401,0,2.12,1.0029154518950438,2.117788461538462,9.094947017729282e-13,0.0,
42101004202,1977,1879.0,13,1867,2062.0,2127.0,1558.0,569.0,5473.0,0.0,0,5473,2127,2232,164,2.57,0.9238351254480287,2.5731076633756467,0.0,164.0,GQ_NOT_PLACED
42101005400,487,271.0,4,267,515.0,753.0,295.0390888424576,457.96091115754245,1676.0,11.0,0,1676,753,775,11,2.23,0.6645161290322581,2.2257636122177953,0.0,0.0,FEW_OPA_UNITS
42101005500,2231,1891.0,24,1869,2222.0,2819.0,1823.000000300096,995.9999996999042,6407.999999999999,13.0,0,6408,2819,2859,13,2.27,0.7771948233648128,2.273146505853139,-9.094947017729282e-13,0.0,
42101005600,293,111.0,6,106,341.0,671.0,131.80357142857142,539.1964285714286,1007.0,3.0,0,1007,671,747,3,1.5,0.4564926372155288,1.5007451564828613,0.0,0.0,FEW_OPA_UNITS
42101006000,2399,2255.0,34,2223,2643.0,2653.0,1572.9999999997176,1080.0000000002824,6415.0,11.0,0,6415,2653,2798,11,2.42,0.9446032880629021,2.418017338861666,0.0,0.0,
42101006100,1187,1132.0,12,1121,1191.0,1182.0,983.0,199.0,2970.0,0.0,0,2970,1182,1208,5,2.51,0.9859271523178808,2.512690355329949,0.0,5.0,
42101006200,1598,1525.0,32,1497,1642.0,1727.9999999999998,767.0000058692981,960.9999941307018,4139.0,0.0,0,4139,1728,1756,0,2.4,0.9350797266514806,2.3952546296296298,0.0,0.0,
42101006300,1516,1341.0,49,1297,1725.0,1791.9999999999998,424.0000093758875,1367.9999906241123,3940.9999999999995,99.0,0,3941,1792,2089,99,2.2,0.8257539492580181,2.19921875,-4.547473508864641e-13,0.0,
42101006400,1593,1439.0,32,1410,1606.0,1699.0,958.9999999999999,740.0,4536.0,0.0,0,4536,1699,1847,0,2.67,0.8695181375203032,2.6698057680988816,0.0,0.0,
42101006500,1814,1759.0,64,1696,2021.0,1887.9999999999998,746.2093197998618,1141.790680200138,4924.0,0.0,0,4924,1888,2315,0,2.61,0.8730021598272139,2.6080508474576276,0.0,0.0,
42101006600,1401,1187.0,57,1139,1620.0,1513.0,451.00000000066535,1061.9999999993347,2730.0,36.0,0,2730,1513,1837,36,1.8,0.8818726183995645,1.8043621943159287,0.0,0.0,
42101006700,2729,2586.0,66,2526,2906.0,3187.9999999999995,1339.0000010238534,1848.9999989761461,7196.0,13.0,0,7196,3188,3400,13,2.26,0.8547058823529412,2.257214554579674,0.0,0.0,
42101007000,1745,1633.0,57,1578,1747.0,1617.0,583.4533951611949,1033.5466048388053,3733.0,0.0,0,3733,1617,1834,0,2.31,0.9525627044711014,2.308596165739023,0.0,0.0,
42101007101,1012,952.0,32,922,1157.0,931.0,344.00000222864054,586.9999977713595,1792.0,75.0,0,1792,931,1121,75,1.92,1.032114183764496,1.9248120300751879,0.0,0.0,
42101007102,2004,1973.0,62,1911,2028.0,1950.0,1037.0000004382666,912.9999995617333,4488.000000000001,0.0,0,4488,1950,2206,0,2.3,0.9193109700815957,2.301538461538462,9.094947017729282e-13,0.0,
42101007200,1905,1788.0,55,1742,2086.0,1977.0000000000002,830.0382126820058,1146.9617873179943,4585.0,49.0,0,4585,1977,2180,49,2.32,0.9568807339449541,2.3191704602933734,0.0,0.0,
42101007300,1183,1106.0,45,1065,1587.0,1560.0,769.9999999999961,790.000000000004,3460.0,0.0,0,3460,1560,1780,0,2.22,0.8915730337078651,2.217948717948718,0.0,0.0,
42101007400,1771,1639.0,70,1572,2111.0,1908.0,751.0000000080357,1156.9999999919642,3614.0,18.0,0,3614,1908,2217,18,1.89,0.9521876409562472,1.8941299790356394,0.0,0.0,
42101007700,367,326.0,7,319,905.0,849.0,102.17637501241494,746.823624987585,1335.0,399.0,0,1335,849,911,399,1.57,0.9934138309549945,1.5724381625441697,0.0,0.0,
42101007800,957,894.0,7,887,1550.0,2315.0,528.0123811453029,1786.9876188546973,4521.0,184.0,0,4521,2315,2462,184,1.95,0.6295694557270511,1.952915766738661,0.0,0.0,FEW_OPA_UNITS
42101007900,1117,1095.0,5,1090,1615.0,2147.0,993.999999992852,1153.000000007148,4256.0,5.0,0,4256,2147,2402,5,1.98,0.6723563696919234,1.9823008849557522,0.0,0.0,FEW_OPA_UNITS
42101008000,1530,1480.0,38,1444,1807.0,1887.0,910.0000060993082,976.999993900692,3641.0,26.0,0,3641,1887,2099,26,1.93,0.8608861362553597,1.9295177530471648,0.0,0.0,
42101008101,1131,1099.0,30,1070,1231.0,1173.0,674.9999999999999,498.0000000000002,2498.0,0.0,0,2498,1173,1337,0,2.13,0.9207180254300673,2.1295822676896847,0.0,0.0,
42101008102,2008,1985.0,32,1953,2128.0,2542.0,1597.9999999999995,944.0000000000005,5369.999999999999,0.0,0,5370,2542,2692,0,2.11,0.7904903417533432,2.112509834775767,-9.094947017729282e-13,0.0,
42101008200,2721,2625.0,56,2571,2892.0,2981.0,2140.0,841.0,7557.0,5.0,0,7557,2981,3510,5,2.54,0.8239316239316239,2.5350553505535056,0.0,0.0,
42101008301,1515,1439.0,37,1403,1832.0,1687.9999999999998,758.0000037097786,929.9999962902212,3310.0,413.0,0,3310,1688,2072,413,1.96,0.8841698841698842,1.9609004739336495,0.0,0.0,
42101008302,2013,1880.0,68,1817,2438.0,1906.0,895.9999999999987,1010.0000000000013,4836.0,14.0,0,4836,1906,2374,14,2.54,1.0269587194608256,2.5372507869884573,0.0,0.0,
42101008400,1816,1700.0,51,1654,1986.0,1719.0,1021.9999999999999,697.0,5060.999999999999,19.0,0,5061,1719,2027,19,2.94,0.9797730636408486,2.9441535776614307,-9.094947017729282e-13,0.0,
42101008500,2504,2358.0,63,2299,3286.0,3123.0,1285.9999999999714,1837.0000000000286,6799.0,18.0,0,6799,3123,3707,18,2.18,0.8864310763420555,2.177073326929235,0.0,0.0,
42101008601,519,457.0,4,455,1153.0,1933.0,399.0000137131313,1533.9999862868688,3690.0,24.999999999999996,0,3690,1933,2200,25,1.91,0.524090909090909,1.908949818934299,0.0,3.552713678800501e-15,FEW_OPA_UNITS
42101008602,634,541.0,17,524,1503.0,1466.0,366.0,1100.0,2643.0,24.0,0,2643,1466,1946,24,1.8,0.7723535457348407,1.8028649386084583,0.0,0.0,
42101008701,646,602.0,3,599,1417.0,2168.0,213.4355212266008,1954.5644787733993,4147.0,0.0,0,4147,2168,2349,0,1.91,0.6032354193273733,1.9128228782287824,0.0,0.0,FEW_OPA_UNITS
42101008702,397,349.0,5,344,1273.0,1991.0,139.00074327427657,1851.9992567257234,3193.0,333.0,0,3193,1991,2266,333,1.6,0.5617828773168579,1.6037167252636866,0.0,0.0,FEW_OPA_UNITS
42101008801,54,14.0,1,13,949.0,500.0,0.0,500.0,750.0,1780.0,0,750,500,731,1780,1.5,1.2982216142270862,1.5,0.0,0.0,
42101008802,493,416.0,5,412,2094.0,1681.0,137.0,1544.0,2807.0,3243.0,0,2807,1681,2245,3243,1.67,0.9327394209354121,1.6698393813206425,0.0,0.0,
42101009000,556,455.0,4,451,1897.0,1639.0,176.0,1463.0,3179.0,4381.0,0,3179,1639,1924,4381,1.94,0.985966735966736,1.9395973154362416,0.0,0.0,
42101009100,615,521.0,8,515,1945.0,2059.0,138.00002231841327,1920.9999776815866,2872.0,152.0,0,2872,2059,2476,152,1.39,0.7855411954765751,1.394851869839728,0.0,0.0,
42101009200,862,784.0,21,767,1572.0,1408.0,482.99999999999994,925.0,3244.0000000000005,11.0,0,3244,1408,1764,11,2.3,0.891156462585034,2.303977272727273,4.547473508864641e-13,0.0,
42101009300,1788,1712.0,77,1644,2150.0,2028.0000000000002,1094.0,934.0000000000001,4210.0,0.0,0,4210,2028,2602,0,2.08,0.8262874711760184,2.075936883629191,0.0,0.0,
42101009400,1419,1298.0,53,1249,1936.0,1759.0,431.00166025706415,1327.9983397429357,3684.0,1.0,0,3684,1759,2119,1,2.09,0.9136385087305333,2.0943718021603184,0.0,0.0,
42101009500,1495,1431.0,56,1378,1770.0,1428.0,652.0,776.0000000000001,3758.0000000000005,0.0,0,3758,1428,1797,0,2.63,0.9849749582637729,2.631652661064426,4.547473508864641e-13,0.0,
42101009600,1877,1744.0,69,1683,2171.0,1427.0,568.0000000000268,858.9999999999732,3586.0,0.0,0,3586,1427,2215,0,2.51,0.980135440180587,2.5129642606867555,0.0,0.0,
42101009801,767,705.0,5,700,947.0,1018.0,552.0000924023344,465.9999075976656,2534.0,0.0,0,2534,1018,1130,0,2.49,0.8380530973451328,2.4891944990176817,0.0,0.0,
42101009802,2054,1983.0,7,1976,2227.0,2221.0,1723.0,498.00000000000017,5813.0,0.0,0,5813,2221,2393,7,2.62,0.9306310071040534,2.6172895092300767,0.0,7.0,
42101010000,1596,1449.0,24,1430,1824.0,1906.0,1119.9999999999447,786.0000000000551,5726.0,48.0,0,5726,1906,2091,48,3.0,0.8723098995695839,3.0041972717733474,0.0,0.0,
42101010100,2368,2189.0,58,2136,2671.0,2845.0,1197.0000150081844,1647.9999849918156,6542.0,54.0,0,6542,2845,3359,54,2.3,0.7951771360523966,2.2994727592267137,0.0,0.0,
42101010200,1218,1076.0,36,1044,1428.0,1537.0,505.00000280415935,1031.9999971958405,3225.0,0.0,0,3225,1537,1756,0,2.1,0.8132118451025057,2.0982433311646065,0.0,0.0,
42101010300,1100,981.0,47,938,1348.0,1069.0,579.0,489.99999999999994,2104.0,0.0,0,2104,1069,1377,0,1.97,0.9789397240377633,1.9681945743685687,0.0,0.0,
42101010400,1410,1233.0,53,1181,1686.0,1569.0000000000002,501.0000011873169,1067.9999988126833,3486.0,289.0,0,3486,1569,2036,289,2.22,0.8280943025540275,2.221797323135755,0.0,0.0,
42101010500,1073,871.0,32,843,1502.0,1517.0,322.30467859855435,1194.6953214014457,3406.0,638.0,0,3406,1517,1773,638,2.25,0.847151720248167,2.245220830586684,0.0,0.0,
42101010600,631,498.0,17,481,997.0,703.0,246.0,457.0,1453.0,59.0,0,1453,703,827,59,2.07,1.2055622732769045,2.066856330014225,0.0,0.0,
42101010700,1332,1169.0,64,1108,1999.0,1314.0,325.0000000018045,988.9999999981956,3468.0,61.00000000000001,0,3468,1314,1756,61,2.64,1.138382687927107,2.6392694063926943,0.0,-7.105427357601002e-15,
42101010800,1588,1451.0,44,1409,2610.0,2025.0,765.0,1260.0,4464.0,33.0,0,4464,2025,2371,33,2.2,1.1008013496415014,2.2044444444444444,0.0,0.0,
42101010900,775,664.0,10,654,1360.0,1287.0,291.0,996.0,2697.0,21.0,0,2697,1287,1371,21,2.1,0.9919766593727206,2.0955710955710956,0.0,0.0,
42101011000,1219,1115.0,65,1054,1787.0,1638.0,506.0000000000331,1131.999999999967,3223.0,67.0,0,3223,1638,1973,67,1.97,0.905727318803852,1.9676434676434675,0.0,0.0,
42101011100,1726,1473.0,81,1399,1994.0,1529.0,746.0,783.0,3650.0,18.0,0,3650,1529,1948,18,2.39,1.0236139630390144,2.3871811641595815,0.0,0.0,
42101011200,2335,2273.0,63,2210,2518.0,2192.0,1048.0000000298146,1143.9999999701852,5932.0,6.0,0,5932,2192,2587,6,2.71,0.9733281793583302,2.7062043795620436,0.0,0.0,
42101011300,1245,1206.0,46,1164,1375.0,1472.0,1066.0,406.0,3793.0,0.0,0,3793,1472,1627,0,2.58,0.8451137062077443,2.576766304347826,0.0,0.0,
42101011400,2296,2041.0,98,1954,2744.0,3408.0,1640.0002901411926,1767.9997098588074,6328.0,33.0,0,6328,3408,3735,33,1.86,0.7346720214190093,1.8568075117370892,0.0,0.0,
42101011500,1611,1563.0,14,1550,1868.0,1833.0,1437.9999999999998,395.0000000000003,4763.0,3.0000000000000004,0,4763,1833,1977,3,2.6,0.9448659585230147,2.5984724495362794,0.0,-4.440892098500626e-16,
42101011700,460,321.0,4,319,355.0,361.0,273.0,88.0,997.0,993.0,0,997,361,421,993,2.76,0.8432304038004751,2.7617728531855956,0.0,0.0,
42101011800,2232,2119.0,39,2083,2316.0,2070.0,1863.0,207.00000000000003,4395.0,5.0,0,4395,2070,2454,5,2.12,0.9437652811735942,2.1231884057971016,0.0,0.0,
42101011900,1774,1668.0,42,1628,2373.0,2176.0,1115.9999999993988,1060.0000000006012,4305.0,42.0,0,4305,2176,2675,42,1.98,0.8871028037383177,1.9784007352941178,0.0,0.0,
42101012000,594,402.0,5,400,633.0,639.0,257.0045610383313,381.9954389616687,1268.0,552.0,0,1268,639,751,552,1.98,0.8428761651131824,1.9843505477308294,0.0,0.0,
42101012100,674,556.0,6,550,1303.0,1597.0000000000002,495.0397275876648,1101.9602724123354,2760.0,385.99999999999994,0,2760,1597,1703,386,1.73,0.7651203758073987,1.7282404508453348,0.0,5.684341886080802e-14,
42101012201,55,8.0,0,8,1543.0,2111.0,0.0,2111.0,3130.0,0.0,0,3130,2111,2354,3,1.48,0.6554800339847069,1.4827096162955946,0.0,3.0,FEW_OPA_UNITS
42101012203,17,2.0,0,2,541.0,815.9999999999999,0.0,815.9999999999999,968.0000000000001,0.0,0,968,816,907,1,1.19,0.5964718853362734,1.1862745098039218,1.1368683772161603e-13,1.0,FEW_OPA_UNITS
42101012204,755,682.0,3,681,1841.0,2064.0000000000005,976.0,1088.0000000000002,3742.0,365.0,0,3742,2064,2310,365,1.81,0.796969696969697,1.8129844961240307,0.0,0.0,
42101012501,53,23.0,0,23,760.0,1416.0,0.0,1416.0,2040.0,0.0,0,2040,1416,1828,279,1.44,0.41575492341356673,1.4406779661016949,0.0,279.0,FEW_OPA_UNITS
42101012502,206,154.0,2,153,1949.0,2721.0,525.0,2196.0,4133.0,0.0,0,4133,2721,2919,0,1.52,0.6676944158958548,1.5189268651231165,0.0,0.0,FEW_OPA_UNITS
42101013100,441,219.0,1,218,668.0,826.0,208.0,618.0,1640.0000000000002,0.0,0,1640,826,929,17,1.99,0.7190527448869752,1.9854721549636807,2.2737367544323206e-13,17.0,
42101013200,785,422.0,6,417,1810.0,1892.0,352.0,1540.0,3505.0,260.0,0,3505,1892,1985,260,1.85,0.9118387909319899,1.852536997885835,0.0,0.0,
42101013300,837,753.0,7,747,2707.0,2161.0,508.0,1653.0,3689.0,92.99999999999999,0,3689,2161,2494,93,1.71,1.0854049719326384,1.7070800555298473,0.0,1.4210854715202004e-14,
42101013401,512,441.0,0,441,1415.0,1838.0,1027.0,810.9999999999999,2986.0,7.0,0,2986,1838,1917,7,1.62,0.7381324986958789,1.6245919477693145,0.0,0.0,
42101013402,740,675.0,1,674,1465.0,1700.0000000000002,454.0000000000583,1245.9999999999418,2765.0,5.0,0,2765,1700,2018,5,1.63,0.7259663032705649,1.626470588235294,0.0,0.0,
42101013500,1435,1333.0,10,1323,2074.0,1932.0,1128.0,804.0,4465.0,0.0,0,4465,1932,2016,0,2.31,1.0287698412698412,2.3110766045548656,0.0,0.0,
42101013601,974,937.0,2,935,1629.0,1521.0,1000.0,521.0,2546.0,0.0,0,2546,1521,1561,0,1.67,1.0435618193465728,1.6738987508218277,0.0,0.0,
42101013602,1491,1459.0,3,1456,1854.0,1966.0,1064.0000000010116,901.9999999989884,3765.0000000000005,4.0,0,3765,1966,2025,4,1.92,0.9155555555555556,1.9150559511698884,4.547473508864641e-13,0.0,
42101013701,550,525.0,11,514,1745.0,1254.0,458.0,796.0,2045.0,0.0,0,2045,1254,1364,0,1.63,1.279325513196481,1.6307814992025518,0.0,0.0,
42101013702,1896,1818.0,46,1775,2515.0,1938.0,1043.0,894.9999999999999,3877.0,47.0,0,3877,1938,2113,47,2.0,1.1902508282063418,2.000515995872033,0.0,0.0,
42101013800,1113,975.0,17,958,2091.0,1146.0,345.99999999999994,800.0,2183.0,0.0,0,2183,1146,1401,0,1.9,1.4925053533190578,1.9048865619546247,0.0,0.0,MANY_OPA_UNITS
42101013900,736,468.0,12,458,1183.0,1415.0,359.99999999999994,1055.0,2643.0,207.0,0,2643,1415,1657,207,1.87,0.7139408569704285,1.867844522968198,0.0,0.0,
42101014000,1065,928.0,15,917,3020.0,2760.0,545.0,2215.0,5918.0,147.0,0,5918,2760,3096,147,2.14,0.975452196382429,2.1442028985507244,0.0,0.0,
42101014100,713,441.0,5,439,2416.0,1487.0,338.0,1149.0,2949.0,304.0,0,2949,1487,1654,304,1.98,1.4607013301088272,1.9831876260928043,0.0,0.0,MANY_OPA_UNITS
42101014201,1105,1000.0,5,995,1985.0,1667.0,648.0,1019.0,3099.0,14.999999999999998,0,3099,1667,1773,15,1.86,1.1195713479977438,1.8590281943611278,0.0,1.7763568394002505e-15,
42101014202,461,394.0,2,392,1992.0,1722.0,759.0,963.0,2650.0,5.0,0,2650,1722,1977,5,1.54,1.007587253414264,1.5389082462253194,0.0,0.0,
42101014300,885,765.0,3,762,1337.0,1041.0,731.0,310.0,1979.0000000000002,0.0,0,1979,1041,1136,0,1.9,1.1769366197183098,1.9010566762728147,2.2737367544323206e-13,0.0,
42101014400,1605,1402.0,17,1386,3560.0,3125.0,1014.0,2111.0,5422.0,79.0,0,5422,3125,3239,79,1.74,1.0991046619326952,1.73504,0.0,0.0,
42101014500,541,467.0,3,464,1151.0,978.0,305.0,673.0,2146.0,183.99999999999997,0,2146,978,1038,184,2.19,1.1088631984585742,2.1942740286298568,0.0,2.842170943040401e-14,
42101014600,648,594.0,8,587,2090.0,1255.0,400.9999999999983,854.0000000000016,3046.0,3117.0,0,3046,1255,1396,3117,2.43,1.497134670487106,2.4270916334661354,0.0,0.0,MANY_OPA_UNITS
42101014700,760,634.0,9,626,1743.0,1456.0,153.0,1303.0,3223.0,171.0,0,3223,1456,1705,171,2.21,1.0222873900293254,2.213598901098901,0.0,0.0,
42101014800,379,282.0,15,268,618.0,586.0,163.99999999999997,422.00000000000006,965.0,13.0,0,965,586,687,13,1.65,0.8995633187772926,1.6467576791808873,0.0,0.0,
42101014900,1828,1701.0,81,1632,2414.0,2301.0,979.9999999999999,1321.0,4409.0,27.0,0,4409,2301,2605,27,1.92,0.926679462571977,1.9161234245980008,0.0,0.0,
42101015101,815,773.0,38,736,1067.0,966.0,408.0,558.0,2186.0000000000005,16.0,0,2186,966,1192,16,2.26,0.8951342281879194,2.262939958592133,4.547473508864641e-13,0.0,
42101015102,1846,1473.0,72,1407,2391.0,1878.0,675.9999999999999,1202.0,4795.0,20.0,0,4795,1878,2269,20,2.55,1.0537681798148963,2.553248136315229,0.0,0.0,
42101015200,2037,1243.0,41,1204,2137.0,2353.0,715.9999999999999,1637.0000000000002,7078.0,38.0,0,7078,2353,2615,38,3.01,0.817208413001912,3.0080747981300466,0.0,0.0,
42101015300,1370,1296.0,23,1276,2677.0,2067.0,435.0,1632.0,5113.0,810.0,0,5113,2067,2456,810,2.47,1.089983713355049,2.47363328495404,0.0,0.0,
42101015600,872,734.0,14,727,1416.0,706.0,314.0,392.0,1558.0,0.0,0,1558,706,863,0,2.21,1.6407879490150636,2.2067988668555243,0.0,0.0,MANY_OPA_UNITS
42101015700,1381,1198.0,12,1188,3066.0,1438.0,805.0,633.0,2902.0,43.0,0,2902,1438,1670,43,2.02,1.835928143712575,2.0180806675938805,0.0,0.0,MANY_OPA_UNITS
42101015800,2748,2518.0,18,2500,3639.0,3320.0,1974.9999999999998,1345.0,6719.0,51.0,0,6719,3320,3448,51,2.02,1.0553944315545243,2.0237951807228916,0.0,0.0,
42101016001,1327,1247.0,14,1233,1556.0,1154.0,975.0,179.0,2278.0,9.999999999999998,0,2278,1154,1283,10,1.97,1.2127825409197195,1.974003466204506,0.0,1.7763568394002505e-15,
42101016002,1975,1876.0,30,1848,2234.0,2258.0,1378.0,880.0,4397.0,3.9999999999999996,0,4397,2258,2406,4,1.95,0.9285120532003325,1.9472984942426927,0.0,4.440892098500626e-16,
42101016100,2778,2540.0,39,2510,4447.0,3213.0,1236.0,1977.0,6749.0,20.0,0,6749,3213,3641,20,2.1,1.2213677561109586,2.1005291005291005,0.0,0.0,
42101016200,889,729.0,21,715,1190.0,883.0,420.0,463.0,2768.0,0.0,0,2768,883,933,0,3.13,1.2754555198285102,3.1347678369195924,0.0,0.0,
42101016300,1326,1092.0,25,1072,1823.0,1107.0,567.0,540.0,2620.0,105.99999999999999,0,2620,1107,1255,106,2.37,1.452589641434263,2.3667570009033425,0.0,1.4210854715202004e-14,MANY_OPA_UNITS
42101016400,1635,1418.0,32,1389,2049.0,1765.0,680.0,1085.0,4007.0,5.0,0,4007,1765,1921,5,2.27,1.066631962519521,2.270254957507082,0.0,0.0,
42101016500,1083,938.0,39,905,1440.0,1035.0,405.00000000000006,630.0,1901.0,6.0,0,1901,1035,1310,6,1.84,1.099236641221374,1.8367149758454107,0.0,0.0,
42101016600,571,462.0,21,446,1111.0,852.0,220.0,632.0,1639.9999999999998,162.0,0,1640,852,989,162,1.92,1.1233569261880687,1.924882629107981,-2.2737367544323206e-13,0.0,
42101016701,1520,1481.0,62,1420,1609.0,1342.0,852.0000000000001,490.0,3081.0,0.0,0,3081,1342,1884,3,2.3,0.8540339702760085,2.295827123695976,0.0,3.0,
42101016702,1380,1276.0,61,1218,1642.0,1032.0,390.0,642.0,2517.0,22.0,0,2517,1032,1296,22,2.44,1.2669753086419753,2.438953488372093,0.0,0.0,
42101016800,1735,1621.0,72,1550,1835.0,1439.0,892.0,547.0,3271.0,9.0,0,3271,1439,1704,9,2.27,1.0768779342723005,2.2731063238359974,0.0,0.0,
42101016901,1797,1582.0,76,1510,1800.0,1401.0,772.9999999999999,628.0,3501.0,48.00000000000001,0,3501,1401,1670,48,2.5,1.0778443113772456,2.498929336188437,0.0,-7.105427357601002e-15,
42101016902,2588,2394.0,91,2307,2726.0,1909.0,1041.0,868.0,4082.0,1.0,0,4082,1909,2384,1,2.14,1.1434563758389262,2.138292299633316,0.0,0.0,
42101017000,993,605.0,19,589,1966.0,1691.0,323.0000062775025,1367.9999937224975,3009.0,231.0,0,3009,1691,1907,231,1.78,1.0309386470896695,1.7794204612655233,0.0,0.0,
42101017100,1875,1750.0,69,1687,1933.0,1806.0,890.0000001974923,915.9999998025077,3953.0,0.0,0,3953,1806,2004,0,2.19,0.9645708582834331,2.1888150609080843,0.0,0.0,
42101017201,1515,1442.0,73,1372,1611.0,1420.0,851.0,569.0,2814.0,23.0,0,2814,1420,1784,23,1.98,0.9030269058295964,1.9816901408450704,0.0,0.0,
42101017202,1932,1868.0,113,1757,1968.0,1641.0,954.0,687.0,4538.0,0.0,0,4538,1641,2056,0,2.77,0.9571984435797666,2.765386959171237,0.0,0.0,
42101017300,1408,1202.0,64,1148,1669.0,1108.0,380.0000016393097,727.9999983606904,2738.9999999999995,49.0,0,2739,1108,1299,49,2.47,1.2848344880677445,2.472021660649819,-4.547473508864641e-13,0.0,
42101017400,990,881.0,52,832,1156.0,1031.0,609.0,422.0,2106.0,84.00000000000001,0,2106,1031,1124,84,2.04,1.0284697508896796,2.042677012609117,0.0,-1.4210854715202004e-14,
42101017500,2662,2391.0,82,2324,2866.0,2569.0,1254.0,1315.0,6383.999999999999,25.000000000000004,0,6384,2569,2836,25,2.49,1.0105782792665727,2.4850136239782015,-9.094947017729282e-13,-3.552713678800501e-15,
42101017601,2144,1905.0,38,1869,2393.0,1773.0,634.0000000000178,1138.9999999999823,4415.0,20.0,0,4415,1773,2123,20,2.49,1.1271785209609044,2.4901297236322617,0.0,0.0,
42101017602,1376,1272.0,42,1232,1508.0,1190.0,501.0,689.0,3272.9999999999995,0.0,0,3273,1190,1395,97,2.75,1.0810035842293906,2.7504201680672264,-4.547473508864641e-13,97.0,GQ_NOT_PLACED
42101017701,1373,1294.0,89,1211,1438.0,1003.0000000000001,555.0,448.0,2879.0,4.0,0,2879,1003,1297,4,2.87,1.1087124132613724,2.870388833499501,0.0,0.0,
42101017702,1950,1726.0,75,1665,1903.0,1490.0,628.0,862.0,3960.0,0.0,0,3960,1490,1841,0,2.66,1.0336773492667028,2.6577181208053693,0.0,0.0,
42101017800,2488,2213.0,131,2092,2941.0,2682.0,991.0,1691.0,6871.0,168.0,0,6871,2682,3025,168,2.56,0.9722314049586777,2.561894108873975,0.0,0.0,
42101017900,2606,2470.0,60,2413,2802.0,2465.0,1191.0000000000002,1274.0,5382.0,0.0,0,5382,2465,2903,0,2.18,0.9652084050981743,2.183367139959432,0.0,0.0,
42101018001,1257,1075.0,12,1064,1308.0,1084.0,763.0,321.0,2252.0,5.0,0,2252,1084,1170,5,2.08,1.117948717948718,2.077490774907749,0.0,0.0,
42101018002,2582,2421.0,26,2398,2795.0,2311.0,1657.0,654.0,5067.0,6.0,0,5067,2311,2573,6,2.19,1.0862806062961523,2.192557334487235,0.0,0.0,
42101018300,1925,1649.0,14,1638,1756.0,1636.0,1528.0,107.99999999999999,4274.0,7.999999999999999,0,4274,1636,1714,8,2.61,1.0245040840140023,2.6124694376528117,0.0,8.881784197001252e-16,
42101018400,1165,839.0,16,828,981.0,898.0,800.0,98.00000000000001,2207.0,3.0,0,2207,898,898,3,2.46,1.0924276169265033,2.4576837416481068,0.0,0.0,
42101018801,1652,1383.0,66,1330,1696.0,1256.0,613.0,643.0,2986.0,112.99999999999999,0,2986,1256,1501,113,2.38,1.1299133910726182,2.377388535031847,0.0,1.4210854715202004e-14,
42101018802,1313,1173.0,65,1109,1475.0,1049.0,503.0,546.0,3355.9999999999995,84.0,0,3356,1049,1428,84,3.2,1.0329131652661065,3.199237368922783,-4.547473508864641e-13,0.0,
42101019000,2296,2160.0,18,2145,2606.0,2256.0,1217.0000000394446,1038.9999999605552,7405.000000000001,20.999999999999996,0,7405,2256,2472,21,3.28,1.0542071197411003,3.2823581560283692,9.094947017729282e-13,3.552713678800501e-15,
42101019100,2817,2634.0,13,2622,2763.0,2671.0,2422.0,248.99999999999997,8698.000000000002,6.000000000000001,0,8698,2671,2717,6,3.26,1.0169304379830695,3.2564582553350814,1.8189894035458565e-12,-8.881784197001252e-16,
42101019200,2802,2592.0,118,2493,2911.0,2633.0,1458.0,1175.0,7872.0,13.0,0,7872,2633,2844,13,2.99,1.0235583684950773,2.9897455374097985,0.0,0.0,
42101019501,1672,1569.0,29,1543,1948.0,1816.0,601.000105121668,1214.999894878332,4532.000000000001,0.0,0,4532,1816,1971,7,2.5,0.9883307965499746,2.4955947136563883,9.094947017729282e-13,7.0,
42101019502,1334,1209.0,30,1183,1329.0,1115.0000000000002,581.0000000000001,534.0000000000001,3856.0,0.0,0,3856,1115,1212,0,3.46,1.0965346534653466,3.45829596412556,0.0,0.0,
42101019700,2432,2279.0,39,2242,2397.0,2145.0000000000005,1172.00000000427,972.9999999957301,7049.999999999999,0.0,0,7050,2145,2287,0,3.29,1.0480979449059904,3.2867132867132858,-9.094947017729282e-13,0.0,
42101019800,2137,2002.0,47,1957,2179.0,2126.0,1484.0,642.0,5494.0,0.0,0,5494,2126,2412,0,2.58,0.9033996683250415,2.5841956726246473,0.0,0.0,
42101019900,1722,1483.0,44,1443,1736.0,1766.0,765.0000000189145,1000.9999999810855,4157.000000000001,11.0,0,4157,1766,1928,11,2.35,0.9004149377593361,2.3539071347678373,9.094947017729282e-13,0.0,
42101020000,533,463.0,25,443,884.0,482.0,146.0,336.0,922.0,514.0,0,922,482,661,514,1.91,1.3373676248108926,1.9128630705394192,0.0,0.0,
42101020101,1281,1165.0,72,1100,1960.0,2073.0,575.0000000000247,1497.9999999999752,4218.000000000001,93.0,0,4218,2073,2382,93,2.03,0.8228379513014273,2.034732272069465,9.094947017729282e-13,0.0,
42101020102,1372,1293.0,63,1234,1624.0,1411.0,728.9999999999993,682.0000000000007,3487.0,4.0,0,3487,1411,1607,4,2.47,1.0105787181082764,2.4712969525159463,0.0,0.0,
42101020200,1863,1667.0,106,1578,2470.0,2063.0,1295.0,768.0,3525.0,147.0,0,3525,2063,2356,147,1.71,1.0483870967741935,1.7086766844401358,0.0,0.0,
42101020300,1205,1018.0,65,964,1462.0,1257.0,760.0,497.0,2584.0,91.0,0,2584,1257,1460,91,2.06,1.0013698630136987,2.0556881463802705,0.0,0.0,
42101020400,1277,1196.0,62,1140,1347.0,1336.0,917.0,419.0,4049.0,34.0,0,4049,1336,1464,34,3.03,0.9200819672131147,3.030688622754491,0.0,0.0,
42101020500,1274,1092.0,44,1052,1591.0,1671.0000000000002,633.0000000004761,1037.9999999995239,3651.0,38.0,0,3651,1671,1760,38,2.18,0.9039772727272727,2.1849192100538595,0.0,0.0,
42101020600,483,281.0,1,280,583.0,991.0,360.9828186727806,630.0171813272194,1626.0,346.0,0,1626,991,1129,346,1.64,0.516386182462356,1.6407669021190716,0.0,0.0,FEW_OPA_UNITS
42101020701,1872,1667.0,4,1663,2177.0,2098.0,1140.9999999858676,957.0000000141324,4234.000000000001,18.0,0,4234,2098,2184,18,2.02,0.9967948717948718,2.0181124880838897,9.094947017729282e-13,0.0,
42101020702,738,618.0,1,617,1228.0,811.0,485.0,326.0,1683.0,670.0,0,1683,811,888,670,2.08,1.382882882882883,2.0752157829839706,0.0,0.0,
42101020800,198,97.0,2,95,523.0,1561.0,508.0,1053.0,2219.0,427.0,0,2219,1561,1658,427,1.42,0.31544028950542824,1.4215246636771302,0.0,0.0,FEW_OPA_UNITS
42101020900,1199,1050.0,5,1045,1505.0,1366.0,727.9999999998281,638.0000000001718,2959.0,14.0,0,2959,1366,1527,14,2.17,0.9855926653569089,2.166178623718887,0.0,0.0,
42101021000,2356,2025.0,20,2007,2847.0,2591.0,1359.9999999999307,1231.0000000000693,4635.0,10.0,0,4635,2591,2863,10,1.79,0.994411456514146,1.7888846005403318,0.0,0.0,
42101021100,1128,921.0,33,888,1315.0,1219.0,809.9999999995198,409.00000000048016,2525.0000000000005,17.0,0,2525,1219,1322,17,2.07,0.9947049924357034,2.071369975389664,4.547473508864641e-13,0.0,
42101021200,954,776.0,5,772,1296.0,1230.0,872.0,358.0,2929.0,10.0,0,2929,1230,1284,10,2.38,1.0093457943925233,2.38130081300813,0.0,0.0,
42101021300,1517,1295.0,4,1291,1800.0,1612.0,892.999999999491,719.000000000509,3299.0000000000005,6.0,0,3299,1612,1736,6,2.05,1.0368663594470047,2.046526054590571,4.547473508864641e-13,0.0,
42101021400,1866,1611.0,19,1595,2493.0,2013.0,809.9999999999998,1203.0000000000002,3558.0,12.0,0,3558,2013,2290,12,1.77,1.088646288209607,1.767511177347243,0.0,0.0,
42101021500,1835,1558.0,10,1550,2282.0,2157.0,1418.0,739.0,3891.0,6.0,0,3891,2157,2157,6,1.8,1.0579508576726935,1.803894297635605,0.0,0.0,
42101021600,826,527.0,3,525,925.0,1260.0,435.9965863436788,824.0034136563213,2488.0,5.0,0,2488,1260,1289,5,1.97,0.7176105508145849,1.9746031746031747,0.0,0.0,
42101021700,2415,2094.0,5,2090,2744.0,2807.0,1839.0002926375396,967.9997073624604,6215.0,20.0,0,6215,2807,2879,20,2.21,0.953108718304967,2.214107588172426,0.0,0.0,
42101021800,935,591.0,10,585,1790.0,2560.0,823.0000994297027,1736.9999005702973,4932.0,13.999999999999998,0,4932,2560,2665,14,1.93,0.6716697936210131,1.9265625,0.0,1.7763568394002505e-15,FEW_OPA_UNITS
42101021900,667,464.0,4,461,712.0,711.0,629.0,82.0,1549.0,4.0,0,1549,711,711,4,2.18,1.0014064697609002,2.178621659634318,0.0,0.0,
42101022000,652,431.0,1,431,508.0,754.0,512.0669295618482,241.93307043815184,1324.0,101.0,0,1324,754,831,101,1.76,0.6113116726835138,1.7559681697612732,0.0,0.0,FEW_OPA_UNITS
42101023100,613,456.0,2,455,518.0,578.0,450.99999999999983,127.0000000000002,1606.0000000000002,0.0,0,1606,578,592,0,2.78,0.875,2.7785467128027688,2.2737367544323206e-13,0.0,
42101023500,540,381.0,1,381,536.0,533.0,332.9999999999601,200.00000000003996,1047.0,6.0,0,1047,533,614,6,1.96,0.8729641693811075,1.9643527204502815,0.0,0.0,
42101023600,983,702.0,7,696,972.0,1179.0000000000002,716.0055497875576,462.99445021244264,2395.0,176.0,0,2395,1179,1282,176,2.03,0.7581903276131046,2.031382527565733,0.0,0.0,
42101023700,1278,1031.0,18,1016,1865.0,2425.0,889.6759219962717,1535.3240780037283,5063.0,234.99999999999997,0,5063,2425,2565,235,2.09,0.7270955165692008,2.0878350515463917,0.0,2.842170943040401e-14,
42101023800,1222,1013.0,22,996,1922.0,2298.0,796.0000658348179,1501.9999341651821,5807.0,229.0,0,5807,2298,2519,229,2.53,0.7630011909487892,2.5269799825935597,0.0,0.0,
42101023900,158,117.0,0,117,714.0,1190.0,184.000000000064,1005.999999999936,1965.0,0.0,0,1965,1190,1293,0,1.65,0.5522041763341067,1.6512605042016806,0.0,0.0,FEW_OPA_UNITS
42101024000,953,795.0,22,775,1799.0,2134.0,735.9999999850468,1398.0000000149532,3567.0,52.0,0,3567,2134,2266,52,1.67,0.793909973521624,1.6715089034676665,0.0,0.0,
42101024100,307,179.0,6,175,659.0,720.0,164.0,556.0,1244.0,244.00000000000003,0,1244,720,776,244,1.73,0.8492268041237113,1.7277777777777779,0.0,-2.842170943040401e-14,
42101024200,1348,1212.0,37,1182,1754.0,2061.0,784.0000323708488,1276.9999676291511,5269.0,97.99999999999999,0,5269,2061,2183,98,2.56,0.8034814475492441,2.556525958272683,0.0,1.4210854715202004e-14,
42101024300,1304,1112.0,26,1089,1735.0,1969.0,904.9999999717246,1064.0000000282753,4290.000000000001,5.0,0,4290,1969,2120,5,2.18,0.8183962264150944,2.1787709497206706,9.094947017729282e-13,0.0,
42101024400,1097,1007.0,30,977,1291.0,1336.0000000000002,783.9999999999993,552.0000000000008,2994.0000000000005,13.0,0,2994,1336,1506,13,2.24,0.8572377158034529,2.2410179640718564,4.547473508864641e-13,0.0,
42101024500,1555,1188.0,67,1135,1999.0,1733.0,608.9999999999999,1124.0000000000002,4902.0,163.0,0,4902,1733,1948,163,2.83,1.0261806981519508,2.8286208886324293,0.0,0.0,
42101024600,974,661.0,35,637,1507.0,1217.0,452.0,765.0,2162.0,140.0,0,2162,1217,1434,140,1.78,1.0509065550906556,1.7764995891536566,0.0,0.0,
42101024700,1710,1443.0,62,1390,1915.0,1820.0,981.0,839.0000000000001,5042.0,101.0,0,5042,1820,1997,101,2.77,0.9589384076114171,2.7703296703296703,0.0,0.0,
42101024800,780,724.0,39,686,779.0,797.0,547.0,250.0,2268.0,0.0,0,2268,797,884,0,2.85,0.8812217194570136,2.8456712672521958,0.0,0.0,
42101024900,1341,1305.0,59,1248,1395.0,1126.0,728.9999999999999,397.0,3440.0,36.0,0,3440,1126,1356,36,3.06,1.0287610619469028,3.0550621669626996,0.0,0.0,
42101025200,2436,2149.0,105,2055,2918.0,3535.0,1603.0000003216553,1931.9999996783445,7118.000000000001,346.0,0,7118,3535,3687,346,2.01,0.7914293463520478,2.013578500707214,9.094947017729282e-13,0.0,
42101025300,1784,1580.0,56,1530,1872.0,1990.0,1240.9999999999554,749.0000000000445,4055.0000000000005,0.0,0,4055,1990,2247,0,2.04,0.8331108144192256,2.0376884422110555,4.547473508864641e-13,0.0,
42101025400,1608,1401.0,12,1391,1751.0,1988.9999999999998,1130.8147271132993,858.1852728867003,4038.0000000000005,15.0,0,4038,1989,2117,15,2.03,0.8271138403401039,2.030165912518854,4.547473508864641e-13,0.0,
42101025500,1095,873.0,10,866,1112.0,1158.0,888.9999999999558,269.0000000000443,2621.0,67.0,0,2621,1158,1254,67,2.26,0.886762360446571,2.263385146804836,0.0,0.0,
42101025600,1000,813.0,1,812,1060.0,1164.0,823.9999995170726,340.0000004829274,2644.0,168.0,0,2644,1164,1205,168,2.27,0.8796680497925311,2.2714776632302405,0.0,0.0,
42101025700,979,569.0,9,561,1580.0,2007.0,521.000080173179,1485.9999198268213,3433.0,42.0,0,3433,2007,2223,42,1.71,0.7107512370670266,1.7105132037867463,0.0,0.0,
42101025800,671,642.0,3,639,759.0,867.0,690.9999999992962,176.0000000007038,1701.0,0.0,0,1701,867,902,0,1.96,0.8414634146341463,1.9619377162629759,0.0,0.0,
42101025900,1803,1703.0,19,1685,2069.0,2089.0,1467.9999999979468,621.000000002053,4618.0,0.0,0,4618,2089,2169,0,2.21,0.9538958045182112,2.2106270943034945,0.0,0.0,
42101026000,1150,1110.0,6,1104,1244.0,1297.0,1022.9999999999939,274.0000000000062,2897.0,5.0,0,2897,1297,1348,5,2.23,0.9228486646884273,2.233616037008481,0.0,0.0,
42101026100,1233,1124.0,26,1100,1415.0,1480.0,870.0008754771706,609.9991245228296,2866.0,14.0,0,2866,1480,1544,14,1.94,0.9164507772020726,1.9364864864864866,0.0,0.0,
42101026200,1632,1612.0,10,1602,1840.0,1813.0000000000002,1534.0000000000002,279.00000000000006,4775.0,6.0,0,4775,1813,1894,6,2.63,0.9714889123548046,2.6337562051847763,0.0,0.0,
42101026301,1570,1530.0,14,1516,1617.0,1649.0,1531.0,118.0,4479.0,16.0,0,4479,1649,1749,16,2.72,0.9245283018867925,2.716191631291692,0.0,0.0,
42101026302,2152,1939.0,27,1916,2178.0,2120.0,1599.9999999999818,520.0000000000182,4916.0,7.0,0,4916,2120,2199,7,2.32,0.990450204638472,2.318867924528302,0.0,0.0,
42101026400,2171,2062.0,19,2045,2240.0,2438.0,1818.9999999981335,619.0000000018665,5488.0,5.0,0,5488,2438,2583,5,2.25,0.8672086720867209,2.251025430680886,0.0,0.0,
42101026500,1781,1664.0,38,1626,1946.0,1800.0,1381.0,419.0,4725.0,2.0,0,4725,1800,1887,2,2.63,1.0312665606783253,2.625,0.0,0.0,
42101026600,2545,2494.0,31,2464,2630.0,2746.0,2333.0,413.0,6317.999999999999,6.0,0,6318,2746,2858,6,2.3,0.9202239328201539,2.3008011653313907,-9.094947017729282e-13,0.0,
42101026700,2484,2435.0,59,2376,2672.0,2813.0,2215.0,598.0,6857.0,18.0,0,6857,2813,2962,18,2.44,0.9020931802835922,2.4376110913615356,0.0,0.0,
42101026800,1174,874.0,14,861,1604.0,2402.0,684.4389418976315,1717.5610581023684,4457.0,395.0,0,4457,2402,2501,395,1.86,0.641343462614954,1.8555370524562864,0.0,0.0,FEW_OPA_UNITS
42101026900,686,475.0,4,473,607.0,831.0,532.9999999779299,298.00000002207014,2233.0,325.0,0,2233,831,864,325,2.69,0.7025462962962963,2.6871239470517447,0.0,0.0,
42101027000,862,578.0,8,573,797.0,992.0,702.9999999998989,289.0000000001011,2610.0,24.0,0,2610,992,1028,24,2.63,0.7752918287937743,2.631048387096774,0.0,0.0,
42101027100,891,807.0,3,804,916.0,1073.0,784.9999999999393,288.0000000000607,2401.0,9.0,0,2401,1073,1090,9,2.24,0.8403669724770643,2.2376514445479962,0.0,0.0,
42101027200,1481,1260.0,5,1255,1847.0,1847.0,1353.9999999999984,493.0000000000016,3966.9999999999995,0.0,0,3967,1847,2065,18,2.15,0.8944309927360775,2.147807255008121,-4.547473508864641e-13,18.0,
42101027300,1929,1805.0,20,1789,1956.0,2479.0000000000005,1413.0015527423684,1065.9984472576318,5908.0,0.0,0,5908,2479,2479,0,2.38,0.7890278338039532,2.3832190399354576,0.0,0.0,
42101027401,1204,1044.0,11,1034,1234.0,1191.0000000000002,591.0000000453834,599.9999999546167,3596.0,10.0,0,3596,1191,1249,10,3.02,0.9879903923138511,3.0193115029387063,0.0,0.0,
42101027402,2267,2088.0,24,2067,2322.0,2423.0,2330.0,93.00000000000001,6726.0,5.0,0,6726,2423,2626,5,2.78,0.8842345773038842,2.7758976475443666,0.0,0.0,
42101027500,1704,1556.0,38,1520,1703.0,1646.0,1258.0,388.0,4232.0,5.0,0,4232,1646,1812,5,2.57,0.9398454746136865,2.571081409477521,0.0,0.0,
42101027600,1224,1069.0,36,1038,1465.0,2034.0,926.0175585924342,1107.9824414075658,4479.0,5.0,0,4479,2034,2156,5,2.2,0.6794990723562152,2.202064896755162,0.0,0.0,FEW_OPA_UNITS
42101027700,1666,1567.0,55,1514,1924.0,2475.0,1474.999999999984,1000.0000000000159,5515.0,8.0,0,5515,2475,2785,8,2.23,0.6908438061041292,2.228282828282828,0.0,0.0,FEW_OPA_UNITS
42101027800,1612,1461.0,47,1420,1999.0,2324.0,864.4946333903948,1459.5053666096053,4594.0,18.0,0,4594,2324,2360,18,1.98,0.8470338983050848,1.9767641996557659,0.0,0.0,
42101027901,1667,1437.0,60,1384,1648.0,1422.0,946.0,476.0,2753.0,14.0,0,2753,1422,1609,14,1.94,1.024238657551274,1.9360056258790437,0.0,0.0,
42101027902,901,790.0,19,772,1304.0,1268.0,494.0000000391531,773.9999999608469,3115.0,1810.0,0,3115,1268,1306,1810,2.46,0.998468606431853,2.4566246056782335,0.0,0.0,
42101028000,1660,1526.0,41,1485,1892.0,1754.0,1138.0,616.0,4071.0,12.0,0,4071,1754,1906,12,2.32,0.9926547743966422,2.3209806157354618,0.0,0.0,
42101028100,1327,1228.0,66,1169,1463.0,1754.0,1295.0,459.0,2975.0,45.0,0,2975,1754,1939,45,1.7,0.7545126353790613,1.6961231470923603,0.0,0.0,
42101028200,1539,1413.0,79,1341,1917.0,2460.0,1126.0000018316496,1333.9999981683504,4745.0,30.0,0,4745,2460,2460,30,1.93,0.7792682926829269,1.9288617886178863,0.0,0.0,
42101028300,2001,1855.0,63,1796,2498.0,2566.0,1333.9999999999984,1232.0000000000016,5908.0,7.0,0,5908,2566,2882,7,2.3,0.8667591950034698,2.3024162120031177,0.0,0.0,
42101028400,1351,1281.0,30,1254,1396.0,1434.0,852.0,582.0000000000001,3323.0,5.0,0,3323,1434,1474,5,2.32,0.9470827679782904,2.317294281729428,0.0,0.0,
42101028500,794,669.0,15,656,866.0,1097.0,632.9999999999997,464.0000000000004,2533.0,0.0,0,2533,1097,1195,0,2.31,0.7246861924686192,2.309024612579763,0.0,0.0,
42101028600,2342,2120.0,38,2084,2341.0,2687.0000000000005,1717.0000000000002,970.0000000000001,6594.0,22.999999999999996,0,6594,2687,2761,23,2.45,0.8478812024628758,2.4540379605508,0.0,3.552713678800501e-15,
42101028700,875,750.0,14,739,865.0,849.0,467.99999999999994,381.00000000000006,2514.0,0.0,0,2514,849,909,0,2.96,0.9515951595159516,2.96113074204947,0.0,0.0,
42101028800,1590,1322.0,24,1302,1528.0,1630.0,1229.0,401.0,4286.0,0.0,0,4286,1630,1709,0,2.63,0.8940901111761264,2.629447852760736,0.0,0.0,
42101028901,1366,1264.0,17,1248,1379.0,1188.0,850.9999999999999,336.99999999999994,4269.000000000001,5.0,0,4269,1188,1280,5,3.59,1.07734375,3.5934343434343443,9.094947017729282e-13,0.0,
42101028902,1849,1721.0,23,1700,1915.0,2068.0,1403.0,665.0,6154.0,9.0,0,6154,2068,2185,9,2.98,0.8764302059496567,2.9758220502901356,0.0,0.0,
42101029000,2010,1761.0,25,1742,2062.0,2105.0,1730.0,375.0,7590.0,7.000000000000001,0,7590,2105,2273,7,3.61,0.9071711394632644,3.6057007125890737,0.0,-8.881784197001252e-16,
42101029100,1364,1166.0,11,1156,1473.0,1691.0,757.0000000310789,933.9999999689211,4239.0,2.0,0,4239,1691,1810,2,2.51,0.8138121546961326,2.5068007096392666,0.0,0.0,
42101029200,1411,1181.0,9,1172,1287.0,1377.0,1211.0,166.0,3761.0,22.0,0,3761,1377,1557,22,2.73,0.8265895953757225,2.731299927378359,0.0,0.0,
42101029300,1166,910.0,31,888,1158.0,1185.0,730.0,455.00000000000006,2656.0,36.0,0,2656,1185,1395,36,2.24,0.8301075268817204,2.241350210970464,0.0,0.0,
42101029400,1279,998.0,48,960,1390.0,1243.0,544.0,699.0,3344.0,57.99999999999999,0,3344,1243,1363,58,2.69,1.0198092443140132,2.690265486725664,0.0,7.105427357601002e-15,
42101029800,1899,1743.0,24,1721,2298.0,1928.0,881.0000000000106,1046.9999999999893,5345.0,15.0,0,5345,1928,2154,15,2.77,1.0668523676880224,2.7723029045643153,0.0,0.0,
42101029900,1630,1377.0,35,1347,1745.0,1530.0,623.0000000000022,906.9999999999977,4210.000000000001,11.0,0,4210,1530,1638,11,2.75,1.0653235653235653,2.751633986928105,9.094947017729282e-13,0.0,
42101030000,2576,2274.0,80,2202,2999.0,2771.0,1584.0,1187.0,6825.0,76.0,0,6825,2771,3141,76,2.46,0.9547914676854505,2.4630097437748106,0.0,0.0,
42101030100,1691,1391.0,50,1346,1996.0,2883.0000000000005,1529.9999999966026,1353.0000000033979,6491.000000000001,64.0,0,6491,2883,2957,64,2.25,0.6750084545147108,2.251474158862296,9.094947017729282e-13,0.0,FEW_OPA_UNITS
42101030200,2439,2156.0,23,2134,2458.0,2594.0,1581.9999999998981,1012.0000000001016,7632.000000000001,25.0,0,7632,2594,2892,25,2.94,0.8499308437067773,2.942174248265228,9.094947017729282e-13,0.0,
42101030501,1727,1617.0,17,1600,1841.0,1806.0000000000002,1107.9999999999998,698.0000000000003,4523.0,6.0,0,4523,1806,1926,6,2.5,0.9558670820353063,2.5044296788482834,0.0,0.0,
42101030502,2103,1880.0,15,1865,2073.0,1796.0,1378.0,418.0,6559.0,5.0,0,6559,1796,2007,5,3.65,1.0328849028400597,3.6520044543429844,0.0,0.0,
42101030600,2464,1893.0,13,1885,2481.0,2869.0,1768.9999999985419,1100.000000001458,6852.0,135.0,0,6852,2869,2981,135,2.39,0.8322710499832271,2.3882886023004533,0.0,0.0,
42101030700,1080,721.0,3,720,1418.0,1980.0,568.1033873990648,1411.8966126009352,4385.0,47.0,0,4385,1980,2103,47,2.21,0.6742748454588683,2.2146464646464645,0.0,0.0,FEW_OPA_UNITS
42101030800,1803,1528.0,7,1522,1725.0,1917.0,1629.0,288.0,4738.0,13.0,0,4738,1917,2004,13,2.47,0.8607784431137725,2.4715701617110066,0.0,0.0,
42101030900,1085,1014.0,2,1012,1329.0,1614.0,872.9999999990272,741.0000000009727,4528.0,0.0,0,4528,1614,1683,0,2.81,0.7896613190730838,2.80545229244114,0.0,0.0,
42101031000,2427,2006.0,6,2002,2236.0,2125.0,1248.0000008153447,876.9999991846555,7364.0,13.0,0,7364,2125,2348,13,3.47,0.9522998296422487,3.465411764705882,0.0,0.0,
42101031101,1551,1517.0,7,1510,1682.0,1711.0,800.0000000001071,910.999999999893,4404.999999999999,0.0,0,4405,1711,1869,6,2.57,0.8999464954521135,2.574517825832846,-9.094947017729282e-13,6.0,
42101031102,1488,1430.0,6,1425,1502.0,1391.0,743.0000002765739,647.9999997234261,5168.000000000001,0.0,0,5168,1391,1480,0,3.72,1.0148648648648648,3.71531272465852,9.094947017729282e-13,0.0,
42101031200,1480,1339.0,3,1336,1528.0,1897.0,735.2316941180534,1161.7683058819466,5345.0,0.0,0,5345,1897,1984,0,2.82,0.7701612903225806,2.8176067474960464,0.0,0.0,
42101031300,2101,1962.0,9,1955,2308.0,2314.9999999999995,1369.9999999999998,944.9999999999998,6451.0,12.0,0,6451,2315,2455,12,2.79,0.9401221995926681,2.786609071274299,0.0,0.0,
42101031401,2109,2035.0,4,2031,2230.0,2043.0000000000002,987.0000000000039,1055.9999999999964,6985.0,4.999999999999999,0,6985,2043,2185,5,3.42,1.0205949656750573,3.4189916789035726,0.0,8.881784197001252e-16,
42101031402,1890,1852.0,5,1847,1915.0,1779.0,960.0000000464024,818.9999999535975,6119.0,5.0,0,6119,1779,1835,5,3.44,1.0435967302452316,3.439572793704328,0.0,0.0,
42101031501,2244,2120.0,7,2113,2428.0,2315.0,1275.9999999999998,1039.0000000000002,7525.999999999999,0.0,0,7526,2315,2522,0,3.25,0.9627279936558287,3.25097192224622,-9.094947017729282e-13,0.0,
42101031502,1409,1312.0,6,1306,1563.0,1327.0,687.999999999999,639.000000000001,3652.0,0.0,0,3652,1327,1394,19,2.75,1.1212338593974176,2.7520723436322534,0.0,19.0,
42101031600,2215,2136.0,9,2128,2258.0,2095.0,1324.0,771.0000000000002,5595.0,0.0,0,5595,2095,2242,15,2.67,1.0071364852809992,2.6706443914081146,0.0,15.0,
42101031700,2197,2145.0,19,2130,2310.0,2428.0000000000005,1847.0000000000002,581.0000000000001,5868.0,5.0,0,5868,2428,2648,5,2.42,0.872356495468278,2.416803953871499,0.0,0.0,
42101031800,1407,1305.0,9,1296,1469.0,1840.0,1063.0000000168684,776.9999999831317,3988.0000000000005,1.0,0,3988,1840,1891,1,2.17,0.7768376520359598,2.1673913043478263,4.547473508864641e-13,0.0,
42101031900,1840,1624.0,11,1614,1815.0,1791.0,1005.0000000020285,785.9999999979715,5387.0,5.0,0,5387,1791,1914,5,3.01,0.9482758620689655,3.007816862088219,0.0,0.0,
42101032000,2489,2415.0,15,2401,2617.0,2560.0,1824.9999999999998,735.0,7173.0,0.0,0,7173,2560,2649,0,2.8,0.9879199697999245,2.801953125,0.0,0.0,
42101032100,1503,1275.0,16,1260,1567.0,1728.0,819.0000000004743,908.9999999995258,4097.0,5.0,0,4097,1728,1816,5,2.37,0.862885462555066,2.370949074074074,0.0,0.0,
42101032300,1428,1338.0,15,1324,1564.0,1593.0,717.0003083866178,875.9996916133822,4156.0,2.0,0,4156,1593,1667,2,2.61,0.9382123575284943,2.6089139987445074,0.0,0.0,
42101032500,2200,1896.0,25,1873,2341.0,2501.0,1642.0,859.0,5573.999999999999,24.0,0,5574,2501,2700,24,2.23,0.867037037037037,2.2287085165933624,-9.094947017729282e-13,0.0,
42101032600,2691,2386.0,14,2376,2795.0,2856.0,2195.0,661.0,7009.0,5.0,0,7009,2856,3004,5,2.45,0.9304260985352862,2.4541316526610646,0.0,0.0,
42101032900,1483,1217.0,13,1206,1723.0,1975.0,1081.9999999999998,893.0000000000001,4025.0,28.0,0,4025,1975,2138,28,2.04,0.8058933582787652,2.037974683544304,0.0,0.0,
42101033000,2818,2694.0,13,2681,2910.0,3337.0,1644.000000004285,1692.9999999957151,10579.0,17.0,0,10579,3337,3337,17,3.17,0.8720407551693138,3.1702127659574466,0.0,0.0,
42101033101,1781,1736.0,7,1730,1905.0,1703.0,1247.0,456.0,4969.0,0.0,0,4969,1703,1883,0,2.92,1.0116834838024429,2.9177921315325897,0.0,0.0,
42101033102,1546,1305.0,16,1298,1748.0,1647.0,859.0000005036818,787.9999994963181,3636.9999999999995,68.0,0,3637,1647,1704,68,2.21,1.0258215962441315,2.208257437765634,-4.547473508864641e-13,0.0,
42101033200,1016,952.0,0,952,1034.0,1002.0,842.0,160.0,2581.0,0.0,0,2581,1002,1127,0,2.58,0.9174800354924578,2.5758483033932134,0.0,0.0,
42101033300,1352,1144.0,3,1141,1556.0,1670.0,849.588103855825,820.4118961441749,3764.0000000000005,532.0,0,3764,1670,1832,532,2.25,0.8493449781659389,2.2538922155688628,4.547473508864641e-13,0.0,
42101033400,1528,1353.0,5,1350,2069.0,1995.0,1080.9999999987494,914.0000000012504,4754.0,279.0,0,4754,1995,2056,279,2.38,1.0063229571984436,2.3829573934837094,0.0,0.0,
42101033500,1352,1169.0,0,1169,1371.0,1559.9999999999998,731.262152998901,828.7378470010988,4250.0,12.0,0,4250,1560,1591,12,2.72,0.8617221873035826,2.724358974358975,0.0,0.0,
42101033600,2406,1859.0,0,1859,2770.0,2732.0,1549.9999999998245,1182.0000000001755,7560.0,25.0,0,7560,2732,2944,25,2.77,0.9408967391304348,2.767203513909224,0.0,0.0,
42101033701,1364,1214.0,10,1208,2188.0,2374.0,834.0000043208975,1539.9999956791025,6073.0,61.0,0,6073,2374,2550,61,2.56,0.8580392156862745,2.558129738837405,0.0,0.0,
42101033702,1892,1735.0,3,1732,2003.0,1784.0,1133.0000009497514,650.9999990502487,4710.0,13.0,0,4710,1784,1798,13,2.64,1.114015572858732,2.640134529147982,0.0,0.0,
42101033800,2305,1736.0,16,1727,2377.0,2504.0,1505.9999996627307,998.0000003372693,6123.0,19.0,0,6123,2504,2632,19,2.45,0.9031155015197568,2.445287539936102,0.0,0.0,
42101033900,1275,951.0,4,949,1204.0,1398.0000000000002,749.1936041290508,648.8063958709494,3284.0,8.0,0,3284,1398,1551,8,2.35,0.7762733720180529,2.349070100143061,0.0,0.0,
42101034000,1192,1005.0,1,1004,1069.0,1195.0,1047.9999999999998,147.00000000000006,2999.9999999999995,57.0,0,3000,1195,1195,57,2.51,0.8945606694560669,2.5104602510460245,-4.547473508864641e-13,0.0,
42101034100,2163,1624.0,5,1619,2302.0,2754.0,1357.2255655636845,1396.7744344363155,5819.0,24.0,0,5819,2754,2754,24,2.11,0.8358750907770516,2.112926652142338,0.0,0.0,
42101034200,1016,890.0,3,887,1374.0,1711.0000000000002,757.5324606836914,953.4675393163088,3627.0,124.0,0,3627,1711,1801,124,2.12,0.7629094947251527,2.1198129748684975,0.0,0.0,
42101034400,3125,2520.0,2,2518,2747.0,3035.0,2855.0,180.0,7798.999999999999,224.0,0,7799,3035,3093,224,2.57,0.888134497251859,2.5696869851729818,-9.094947017729282e-13,0.0,
42101034501,589,371.0,6,368,1804.0,2266.0,408.00000002603974,1857.9999999739603,4992.0,9.0,0,4992,2266,2362,9,2.2,0.7637595258255715,2.203000882612533,0.0,0.0,
42101034502,1080,892.0,3,890,2171.0,2385.0,1078.999999999847,1306.000000000153,5087.0,6.0,0,5087,2385,2431,6,2.13,0.893048128342246,2.132914046121593,0.0,0.0,
42101034600,332,125.0,0,125,749.0,1384.0,468.0,916.0,2688.0,3.0,0,2688,1384,1426,3,1.94,0.5252454417952315,1.9421965317919074,0.0,0.0,FEW_OPA_UNITS
42101034701,2203,1980.0,1,1979,2366.0,2650.0,2055.999999999997,594.0000000000033,8055.0,11.0,0,8055,2650,2650,11,3.04,0.8928301886792452,3.039622641509434,0.0,0.0,
42101034702,1537,1311.0,0,1311,1448.0,1379.0,1293.0,86.0,3422.0,340.0,0,3422,1379,1379,340,2.48,1.0500362581580855,2.4815083393763597,0.0,0.0,
42101034801,1353,763.0,4,762,1447.0,2082.0,870.999999680976,1211.000000319024,4346.0,18.0,0,4346,2082,2092,18,2.09,0.6916826003824091,2.0874159462055717,0.0,0.0,FEW_OPA_UNITS
42101034802,2039,1431.0,1,1430,2074.0,2473.0,1318.999993552918,1154.0000064470817,5834.0,35.0,0,5834,2473,2551,35,2.36,0.8130145041160329,2.3590780428629197,0.0,0.0,
42101034803,1658,1522.0,4,1520,1761.0,1548.0,1220.9999999998088,327.0000000001911,3616.0000000000005,15.0,0,3616,1548,1712,15,2.34,1.028621495327103,2.335917312661499,4.547473508864641e-13,0.0,
42101034900,1958,1662.0,6,1656,2137.0,2257.0,1285.9999999913782,971.0000000086218,5893.000000000001,17.0,0,5893,2257,2292,17,2.61,0.9323734729493892,2.610988037217546,9.094947017729282e-13,0.0,
42101035100,749,524.0,3,521,2147.0,2145.0,1530.999999999898,614.000000000102,3563.9999999999995,134.0,0,3564,2145,2365,134,1.66,0.9078224101479916,1.6615384615384614,-4.547473508864641e-13,0.0,
42101035200,1907,1520.0,7,1514,1819.0,2202.0,1724.9999999998854,477.0000000001144,4288.999999999999,259.0,0,4289,2202,2202,259,1.95,0.8260672116257948,1.947774750227066,-9.094947017729282e-13,0.0,
42101035301,1861,1651.0,2,1649,1896.0,2114.0,1466.000836384996,647.9991636150038,4880.0,0.0,0,4880,2114,2165,22,2.31,0.8757505773672055,2.3084200567644277,0.0,22.0,
42101035302,1613,1342.0,3,1339,1999.0,1775.0,1021.9999970653378,753.0000029346622,4626.0,36.0,0,4626,1775,1885,36,2.61,1.0604774535809018,2.6061971830985917,0.0,0.0,
42101035500,2678,2139.0,7,2134,2753.0,3111.0,2164.9999999539805,946.0000000460197,7797.0,21.0,0,7797,3111,3203,21,2.51,0.8595067124570714,2.506268081002893,0.0,0.0,
42101035601,1814,1344.0,4,1340,2131.0,2427.0,1590.9999999999732,836.0000000000268,5381.999999999999,161.0,0,5382,2427,2427,161,2.22,0.8780387309435517,2.217552533992583,-9.094947017729282e-13,0.0,
42101035602,1312,1055.0,0,1055,1219.0,1266.0,1086.9999999742897,179.00000002571025,3343.9999999999995,92.0,0,3344,1266,1266,92,2.64,0.9628751974723538,2.6413902053712475,-4.547473508864641e-13,0.0,
42101035701,1088,894.0,1,893,1778.0,1916.9999999999998,669.9999999999555,1247.0000000000443,5066.0,3.0,0,5066,1917,1972,3,2.64,0.9016227180527383,2.6426708398539387,0.0,0.0,
42101035702,1206,1103.0,0,1103,1843.0,1908.0,802.9999999999998,1105.0,4676.0,3.0,0,4676,1908,2092,3,2.45,0.8809751434034416,2.450733752620545,0.0,0.0,
42101035800,2235,1807.0,6,1802,2345.0,2370.0,1779.9999999999998,590.0000000000001,6031.0,18.0,0,6031,2370,2385,18,2.54,0.9832285115303984,2.5447257383966244,0.0,0.0,
42101035900,1888,1533.0,5,1530,1999.0,2157.0,1410.0000424068414,746.9999575931587,4635.0,5.0,0,4635,2157,2228,5,2.15,0.8972172351885098,2.148817802503477,0.0,0.0,
42101036000,979,773.0,1,772,954.0,1238.0,763.953063514571,474.04693648542883,2825.0,375.0,0,2825,1238,1296,375,2.28,0.7361111111111112,2.2819063004846525,0.0,0.0,
42101036100,1389,1049.0,2,1048,1418.0,1540.0,1151.999999993602,388.00000000639807,3902.0,13.999999999999998,0,3902,1540,1615,14,2.53,0.8780185758513932,2.533766233766234,0.0,1.7763568394002505e-15,
42101036201,1778,1519.0,4,1515,2033.0,1952.0,1385.9999999710064,566.0000000289938,5095.0,5.0,0,5095,1952,2049,5,2.61,0.9921913128355295,2.6101434426229506,0.0,0.0,
42101036202,2163,1892.0,6,1887,2317.0,2303.0,1894.9999999999964,408.0000000000035,5443.0,13.0,0,5443,2303,2352,13,2.36,0.9851190476190477,2.363438992618324,0.0,0.0,
42101036203,2025,1715.0,5,1710,1859.0,1794.0000000000002,1594.0000000000002,200.00000000000009,4722.0,0.0,0,4722,1794,1865,0,2.63,0.9967828418230563,2.632107023411371,0.0,0.0,
42101036301,1409,1238.0,3,1236,1379.0,1471.0000000000002,1114.9999999995393,356.0000000004608,3952.0000000000005,0.0,0,3952,1471,1560,0,2.69,0.8839743589743589,2.6866077498300474,4.547473508864641e-13,0.0,
42101036302,1241,928.0,3,925,1283.0,1316.0,920.999999999895,395.00000000010505,3738.0,13.0,0,3738,1316,1316,13,2.84,0.9749240121580547,2.8404255319148937,0.0,0.0,
42101036303,2612,2349.0,77,2273,2490.0,2344.0,2166.0,178.0,6766.0,5.0,0,6766,2344,2457,5,2.89,1.0134310134310134,2.886518771331058,0.0,0.0,
42101036400,314,212.0,0,212,305.0,330.0,317.0,12.999999999999998,653.0,0.0,0,653,330,350,340,1.98,0.8714285714285714,1.9787878787878788,0.0,340.0,GQ_NOT_PLACED
42101036501,1706,1121.0,2,1120,1967.0,2163.0,1401.9999999998568,761.0000000001431,4837.0,208.99999999999997,0,4837,2163,2329,209,2.24,0.8445684843280378,2.236245954692557,0.0,2.842170943040401e-14,
42101036502,1733,1402.0,3,1400,1523.0,1735.9999999999998,1267.6083206282362,468.3916793717635,4483.0,13.0,0,4483,1736,1752,13,2.58,0.8692922374429224,2.5823732718894012,0.0,0.0,
42101036600,358,210.0,14,209,1158.0,1283.0,637.0,646.0,2370.0,2.0,0,2370,1283,1360,2,1.85,0.8514705882352941,1.8472330475448169,0.0,0.0,
42101036700,1320,1161.0,6,1156,2639.0,1976.0,994.0,982.0,3970.0,0.0,0,3970,1976,2163,0,2.01,1.220064724919094,2.0091093117408905,0.0,0.0,
42101036901,101,0.0,1,0,0.0,4.0,4.0,0.0,8.0,0.0,101,8,4,4,147,2.0,0.0,2.0,0.0,147.0,FEW_OPA_UNITS
42101036902,145,28.0,0,28,1910.0,1077.0,20.0,1057.0,2082.0000000000005,3747.0,0,2082,1077,1143,3747,1.93,1.6710411198600175,1.933147632311978,4.547473508864641e-13,0.0,MANY_OPA_UNITS
42101037200,1904,1796.0,8,1790,1919.0,1691.0,1265.9999999999998,425.00000000000006,3872.9999999999995,0.0,0,3873,1691,1862,29,2.29,1.030612244897959,2.290360733293909,-4.547473508864641e-13,29.0,
42101037300,1902,1741.0,1,1740,2476.0,2639.0,1576.9999998989836,1062.0000001010164,5921.0,41.0,0,5921,2639,2894,41,2.24,0.8555632342778162,2.243652898825313,0.0,0.0,
42101037500,1073,820.0,13,811,1452.0,1528.0000000000002,875.9999999958818,652.0000000041183,3176.0,629.0,0,3176,1528,1779,629,2.08,0.8161888701517707,2.078534031413612,0.0,0.0,
42101037600,531,363.0,2,362,2884.0,1775.0,480.0,1295.0,2863.0,292.0,0,2863,1775,2071,292,1.61,1.392563978754225,1.6129577464788731,0.0,0.0,
42101037700,1038,842.0,13,830,2548.0,1850.0,236.0000000169717,1613.9999999830281,4186.0,1425.0,0,4186,1850,2120,1425,2.26,1.2018867924528303,2.2627027027027027,0.0,0.0,
42101037800,1987,1304.0,100,1288,1739.0,1154.0,673.0,481.0,2109.0,4.0,0,2109,1154,1288,4,1.83,1.3501552795031055,1.8275563258232235,0.0,0.0,
42101037900,2802,2362.0,19,2345,2567.0,2333.0,1770.0,563.0,4892.0,13.999999999999998,0,4892,2333,2592,14,2.1,0.9903549382716049,2.0968709815687956,0.0,1.7763568394002505e-15,
42101038000,1047,810.0,25,790,945.0,816.0,674.0,142.0,2415.0,6.0,0,2415,816,888,6,2.96,1.0641891891891893,2.9595588235294117,0.0,0.0,
42101038100,697,280.0,14,269,342.0,315.0,115.00000000071934,199.99999999928065,683.0,19.0,0,683,315,340,19,2.17,1.0058823529411764,2.168253968253968,0.0,0.0,
42101038200,1350,1038.0,35,1014,1434.0,1263.0,938.0,325.0,2922.0,9.0,0,2922,1263,1426,9,2.31,1.0056100981767182,2.31353919239905,0.0,0.0,
42101038301,1060,846.0,16,832,1038.0,740.0,456.0,284.0,2404.0,1.0,0,2404,740,815,1,3.25,1.2736196319018405,3.2486486486486488,0.0,0.0,
42101038400,1090,843.0,0,843,1000.0,983.9999999999999,755.0000015624062,228.9999984375938,2471.9999999999995,12.0,0,2472,984,999,12,2.51,1.001001001001001,2.5121951219512195,-4.547473508864641e-13,0.0,
42101038500,798,555.0,0,555,832.0,933.0,573.9999996862296,359.00000031377056,1765.0,104.00000000000001,0,1765,933,985,104,1.89,0.8446700507614213,1.8917470525187567,0.0,-1.4210854715202004e-14,
42101038600,626,425.0,2,424,492.0,557.0,452.99999999999505,104.00000000000497,1352.0,0.0,0,1352,557,588,0,2.43,0.8367346938775511,2.4272890484739675,0.0,0.0,
42101038700,919,618.0,0,618,776.0,842.9999999999999,646.9999999999997,196.00000000000026,1702.0,668.0,0,1702,843,895,668,2.02,0.8670391061452514,2.0189798339264535,0.0,0.0,
42101038800,1532,1259.0,53,1217,1748.0,1822.0,1181.999999651649,640.0000003483509,3919.0000000000005,62.0,0,3919,1822,1979,62,2.15,0.8832743810005053,2.1509330406147096,4.547473508864641e-13,0.0,
42101038900,1040,891.0,12,884,1167.0,1330.0,970.9999999999952,359.0000000000047,3003.0,243.00000000000003,0,3003,1330,1385,243,2.26,0.8425992779783393,2.2578947368421054,0.0,-2.842170943040401e-14,
42101039001,1366,1133.0,5,1128,1374.0,1373.0,661.0000000076394,711.9999999923606,4116.0,8.0,0,4116,1373,1417,8,3.0,0.9696541990119972,2.9978150036416604,0.0,0.0,
42101039002,1318,1247.0,14,1233,1420.0,1771.0,1563.0,208.0,4810.0,16.0,0,4810,1771,1856,16,2.72,0.7650862068965517,2.715979672501412,0.0,0.0,
42101039100,745,593.0,31,575,896.0,985.0,264.5018226002925,720.4981773997074,2152.0,0.0,0,2152,985,1207,0,2.18,0.7423363711681856,2.1847715736040607,0.0,0.0,
42101980001,104,0.0,0,0,0.0,0.0,0.0,0.0,0.0,0.0,0,0,0,5,0,,0.0,,0.0,0.0,FEW_OPA_UNITS
42101980002,198,1.0,0,1,350.0,0.0,0.0,0.0,0.0,0.0,0,0,0,0,0,,,,0.0,0.0,
42101980003,58,2.0,0,2,389.0,0.0,0.0,0.0,0.0,0.0,0,0,0,0,0,,,,0.0,0.0,
42101980100,73,9.0,0,9,10.0,65.0,61.0,4.0,291.99999999999994,0.0,0,292,65,65,0,4.49,0.15384615384615385,4.4923076923076914,-5.684341886080802e-14,0.0,FEW_OPA_UNITS
42101980200,51,27.0,0,27,30.0,12.0,12.0,0.0,33.0,35.0,0,33,12,12,35,2.75,2.5,2.75,0.0,0.0,MANY_OPA_UNITS
42101980300,187,0.0,0,0,0.0,0.0,0.0,0.0,0.0,0.0,0,0,0,0,0,,,,0.0,0.0,
42101980400,81,0.0,0,0,0.0,0.0,0.0,0.0,0.0,0.0,0,0,0,0,0,,,,0.0,0.0,
42101980500,8,0.0,0,0,0.0,0.0,0.0,0.0,0.0,0.0,0,0,0,0,0,,,,0.0,0.0,
42101980600,36,0.0,0,0,0.0,0.0,0.0,0.0,0.0,0.0,0,0,0,0,0,,,,0.0,0.0,
42101980701,147,2.0,0,2,2.0,0.0,0.0,0.0,0.0,0.0,0,0,0,0,0,,,,0.0,0.0,
42101980702,189,0.0,4,0,0.0,0.0,0.0,0.0,0.0,0.0,0,0,0,0,0,,,,0.0,0.0,
42101980800,53,33.0,0,33,56.0,0.0,0.0,0.0,0.0,0.0,0,0,0,0,0,,,,0.0,0.0,
42101980901,689,0.0,0,0,0.0,0.0,0.0,0.0,0.0,0.0,0,0,0,0,0,,,,0.0,0.0,
42101980902,9,0.0,0,0,0.0,0.0,0.0,0.0,0.0,0.0,0,0,0,0,0,,,,0.0,0.0,
42101980903,54,3.0,0,3,3.0,0.0,0.0,0.0,0.0,0.0,0,0,0,0,0,,,,0.0,0.0,
42101980904,98,3.0,0,3,3.0,0.0,0.0,0.0,0.0,0.0,0,0,0,0,0,,,,0.0,0.0,
42101980905,40,0.0,0,0,0.0,0.0,0.0,0.0,0.0,0.0,0,0,0,0,0,,,,0.0,0.0,
42101980906,75,0.0,0,0,0.0,0.0,0.0,0.0,0.0,0.0,0,0,0,0,0,,,,0.0,0.0,
42101989100,302,10.0,0,10,10.0,0.0,0.0,0.0,0.0,1190.0,0,0,0,0,1190,,,,0.0,0.0,
42101989200,416,4.0,0,4,32.0,0.0,0.0,0.0,0.0,0.0,0,0,0,0,0,,,,0.0,0.0,
42101989300,279,43.0,0,43,72.0,0.0,0.0,0.0,0.0,0.0,0,0,0,0,453,,,,0.0,453.0,GQ_NOT_PLACED
